P/N,Type,Description,CAGE,AWG,OD,AWG Min,AWG Max,Dia Min,Dia Max,Contact P/N,Contacts,Color,Notes
M39029/56-348,contact,"CONTACT, SOCKET, CRIMP, SIZE 22D",,,,22,28,0.03,0.054,,,,D38999 SERIES III. AWG 22-28. Dia = approx. wire sealing range. SAMPLE DATA - VERIFY AGAINST CURRENT SPEC SHEET
M39029/58-360,contact,"CONTACT, PIN, CRIMP, SIZE 22D",,,,22,28,0.03,0.054,,,,D38999 SERIES III. AWG 22-28. Dia = approx. wire sealing range. SAMPLE DATA - VERIFY AGAINST CURRENT SPEC SHEET
M39029/56-351,contact,"CONTACT, SOCKET, CRIMP, SIZE 20",,,,20,24,0.04,0.083,,,,D38999 SERIES III. AWG 20-24. Dia = approx. wire sealing range. SAMPLE DATA - VERIFY AGAINST CURRENT SPEC SHEET
M39029/58-363,contact,"CONTACT, PIN, CRIMP, SIZE 20",,,,20,24,0.04,0.083,,,,D38999 SERIES III. AWG 20-24. Dia = approx. wire sealing range. SAMPLE DATA - VERIFY AGAINST CURRENT SPEC SHEET
M39029/56-352,contact,"CONTACT, SOCKET, CRIMP, SIZE 16",,,,16,20,0.065,0.109,,,,D38999 SERIES III. AWG 16-20. Dia = approx. wire sealing range. SAMPLE DATA - VERIFY AGAINST CURRENT SPEC SHEET
M39029/58-364,contact,"CONTACT, PIN, CRIMP, SIZE 16",,,,16,20,0.065,0.109,,,,D38999 SERIES III. AWG 16-20. Dia = approx. wire sealing range. SAMPLE DATA - VERIFY AGAINST CURRENT SPEC SHEET
M39029/56-353,contact,"CONTACT, SOCKET, CRIMP, SIZE 12",,,,12,14,0.097,0.142,,,,D38999 SERIES III. AWG 12-14. Dia = approx. wire sealing range. SAMPLE DATA - VERIFY AGAINST CURRENT SPEC SHEET
M39029/58-365,contact,"CONTACT, PIN, CRIMP, SIZE 12",,,,12,14,0.097,0.142,,,,D38999 SERIES III. AWG 12-14. Dia = approx. wire sealing range. SAMPLE DATA - VERIFY AGAINST CURRENT SPEC SHEET
D38999/26FA35SN,connector,"CONNECTOR, PLUG, D38999 SERIES III, SHELL 9, 6 SKT SIZE 22D, ELECTROLESS NICKEL",,,,,,,,M39029/56-348,6,,"INSERT 9-35, N KEY. Contacts supplied separately. SAMPLE DATA - VERIFY AGAINST CURRENT SPEC SHEET"
D38999/26FA35PN,connector,"CONNECTOR, PLUG, D38999 SERIES III, SHELL 9, 6 PIN SIZE 22D, ELECTROLESS NICKEL",,,,,,,,M39029/58-360,6,,"INSERT 9-35, N KEY. Contacts supplied separately. SAMPLE DATA - VERIFY AGAINST CURRENT SPEC SHEET"
D38999/26FA98SN,connector,"CONNECTOR, PLUG, D38999 SERIES III, SHELL 9, 3 SKT SIZE 20, ELECTROLESS NICKEL",,,,,,,,M39029/56-351,3,,"INSERT 9-98, N KEY. Contacts supplied separately. SAMPLE DATA - VERIFY AGAINST CURRENT SPEC SHEET"
D38999/26FA98PN,connector,"CONNECTOR, PLUG, D38999 SERIES III, SHELL 9, 3 PIN SIZE 20, ELECTROLESS NICKEL",,,,,,,,M39029/58-363,3,,"INSERT 9-98, N KEY. Contacts supplied separately. SAMPLE DATA - VERIFY AGAINST CURRENT SPEC SHEET"
D38999/26FB35SN,connector,"CONNECTOR, PLUG, D38999 SERIES III, SHELL 11, 13 SKT SIZE 22D, ELECTROLESS NICKEL",,,,,,,,M39029/56-348,13,,"INSERT 11-35, N KEY. Contacts supplied separately. SAMPLE DATA - VERIFY AGAINST CURRENT SPEC SHEET"
D38999/26FB35PN,connector,"CONNECTOR, PLUG, D38999 SERIES III, SHELL 11, 13 PIN SIZE 22D, ELECTROLESS NICKEL",,,,,,,,M39029/58-360,13,,"INSERT 11-35, N KEY. Contacts supplied separately. SAMPLE DATA - VERIFY AGAINST CURRENT SPEC SHEET"
D38999/26FB98SN,connector,"CONNECTOR, PLUG, D38999 SERIES III, SHELL 11, 6 SKT SIZE 20, ELECTROLESS NICKEL",,,,,,,,M39029/56-351,6,,"INSERT 11-98, N KEY. Contacts supplied separately. SAMPLE DATA - VERIFY AGAINST CURRENT SPEC SHEET"
D38999/26FB98PN,connector,"CONNECTOR, PLUG, D38999 SERIES III, SHELL 11, 6 PIN SIZE 20, ELECTROLESS NICKEL",,,,,,,,M39029/58-363,6,,"INSERT 11-98, N KEY. Contacts supplied separately. SAMPLE DATA - VERIFY AGAINST CURRENT SPEC SHEET"
D38999/26FC04SN,connector,"CONNECTOR, PLUG, D38999 SERIES III, SHELL 13, 4 SKT SIZE 16, ELECTROLESS NICKEL",,,,,,,,M39029/56-352,4,,"INSERT 13-04, N KEY. Contacts supplied separately. SAMPLE DATA - VERIFY AGAINST CURRENT SPEC SHEET"
D38999/26FC04PN,connector,"CONNECTOR, PLUG, D38999 SERIES III, SHELL 13, 4 PIN SIZE 16, ELECTROLESS NICKEL",,,,,,,,M39029/58-364,4,,"INSERT 13-04, N KEY. Contacts supplied separately. SAMPLE DATA - VERIFY AGAINST CURRENT SPEC SHEET"
D38999/26FC35SN,connector,"CONNECTOR, PLUG, D38999 SERIES III, SHELL 13, 22 SKT SIZE 22D, ELECTROLESS NICKEL",,,,,,,,M39029/56-348,22,,"INSERT 13-35, N KEY. Contacts supplied separately. SAMPLE DATA - VERIFY AGAINST CURRENT SPEC SHEET"
D38999/26FC35PN,connector,"CONNECTOR, PLUG, D38999 SERIES III, SHELL 13, 22 PIN SIZE 22D, ELECTROLESS NICKEL",,,,,,,,M39029/58-360,22,,"INSERT 13-35, N KEY. Contacts supplied separately. SAMPLE DATA - VERIFY AGAINST CURRENT SPEC SHEET"
D38999/26FC98SN,connector,"CONNECTOR, PLUG, D38999 SERIES III, SHELL 13, 10 SKT SIZE 20, ELECTROLESS NICKEL",,,,,,,,M39029/56-351,10,,"INSERT 13-98, N KEY. Contacts supplied separately. SAMPLE DATA - VERIFY AGAINST CURRENT SPEC SHEET"
D38999/26FC98PN,connector,"CONNECTOR, PLUG, D38999 SERIES III, SHELL 13, 10 PIN SIZE 20, ELECTROLESS NICKEL",,,,,,,,M39029/58-363,10,,"INSERT 13-98, N KEY. Contacts supplied separately. SAMPLE DATA - VERIFY AGAINST CURRENT SPEC SHEET"
D38999/26FD05SN,connector,"CONNECTOR, PLUG, D38999 SERIES III, SHELL 15, 5 SKT SIZE 16, ELECTROLESS NICKEL",,,,,,,,M39029/56-352,5,,"INSERT 15-05, N KEY. Contacts supplied separately. SAMPLE DATA - VERIFY AGAINST CURRENT SPEC SHEET"
D38999/26FD05PN,connector,"CONNECTOR, PLUG, D38999 SERIES III, SHELL 15, 5 PIN SIZE 16, ELECTROLESS NICKEL",,,,,,,,M39029/58-364,5,,"INSERT 15-05, N KEY. Contacts supplied separately. SAMPLE DATA - VERIFY AGAINST CURRENT SPEC SHEET"
D38999/26FD18SN,connector,"CONNECTOR, PLUG, D38999 SERIES III, SHELL 15, 18 SKT SIZE 20, ELECTROLESS NICKEL",,,,,,,,M39029/56-351,18,,"INSERT 15-18, N KEY. Contacts supplied separately. SAMPLE DATA - VERIFY AGAINST CURRENT SPEC SHEET"
D38999/26FD18PN,connector,"CONNECTOR, PLUG, D38999 SERIES III, SHELL 15, 18 PIN SIZE 20, ELECTROLESS NICKEL",,,,,,,,M39029/58-363,18,,"INSERT 15-18, N KEY. Contacts supplied separately. SAMPLE DATA - VERIFY AGAINST CURRENT SPEC SHEET"
D38999/26FD19SN,connector,"CONNECTOR, PLUG, D38999 SERIES III, SHELL 15, 19 SKT SIZE 20, ELECTROLESS NICKEL",,,,,,,,M39029/56-351,19,,"INSERT 15-19, N KEY. Contacts supplied separately. SAMPLE DATA - VERIFY AGAINST CURRENT SPEC SHEET"
D38999/26FD19PN,connector,"CONNECTOR, PLUG, D38999 SERIES III, SHELL 15, 19 PIN SIZE 20, ELECTROLESS NICKEL",,,,,,,,M39029/58-363,19,,"INSERT 15-19, N KEY. Contacts supplied separately. SAMPLE DATA - VERIFY AGAINST CURRENT SPEC SHEET"
D38999/26FD35SN,connector,"CONNECTOR, PLUG, D38999 SERIES III, SHELL 15, 37 SKT SIZE 22D, ELECTROLESS NICKEL",,,,,,,,M39029/56-348,37,,"INSERT 15-35, N KEY. Contacts supplied separately. SAMPLE DATA - VERIFY AGAINST CURRENT SPEC SHEET"
D38999/26FD35PN,connector,"CONNECTOR, PLUG, D38999 SERIES III, SHELL 15, 37 PIN SIZE 22D, ELECTROLESS NICKEL",,,,,,,,M39029/58-360,37,,"INSERT 15-35, N KEY. Contacts supplied separately. SAMPLE DATA - VERIFY AGAINST CURRENT SPEC SHEET"
D38999/26FE08SN,connector,"CONNECTOR, PLUG, D38999 SERIES III, SHELL 17, 8 SKT SIZE 16, ELECTROLESS NICKEL",,,,,,,,M39029/56-352,8,,"INSERT 17-08, N KEY. Contacts supplied separately. SAMPLE DATA - VERIFY AGAINST CURRENT SPEC SHEET"
D38999/26FE08PN,connector,"CONNECTOR, PLUG, D38999 SERIES III, SHELL 17, 8 PIN SIZE 16, ELECTROLESS NICKEL",,,,,,,,M39029/58-364,8,,"INSERT 17-08, N KEY. Contacts supplied separately. SAMPLE DATA - VERIFY AGAINST CURRENT SPEC SHEET"
D38999/26FE26SN,connector,"CONNECTOR, PLUG, D38999 SERIES III, SHELL 17, 26 SKT SIZE 20, ELECTROLESS NICKEL",,,,,,,,M39029/56-351,26,,"INSERT 17-26, N KEY. Contacts supplied separately. SAMPLE DATA - VERIFY AGAINST CURRENT SPEC SHEET"
D38999/26FE26PN,connector,"CONNECTOR, PLUG, D38999 SERIES III, SHELL 17, 26 PIN SIZE 20, ELECTROLESS NICKEL",,,,,,,,M39029/58-363,26,,"INSERT 17-26, N KEY. Contacts supplied separately. SAMPLE DATA - VERIFY AGAINST CURRENT SPEC SHEET"
D38999/26FE35SN,connector,"CONNECTOR, PLUG, D38999 SERIES III, SHELL 17, 55 SKT SIZE 22D, ELECTROLESS NICKEL",,,,,,,,M39029/56-348,55,,"INSERT 17-35, N KEY. Contacts supplied separately. SAMPLE DATA - VERIFY AGAINST CURRENT SPEC SHEET"
D38999/26FE35PN,connector,"CONNECTOR, PLUG, D38999 SERIES III, SHELL 17, 55 PIN SIZE 22D, ELECTROLESS NICKEL",,,,,,,,M39029/58-360,55,,"INSERT 17-35, N KEY. Contacts supplied separately. SAMPLE DATA - VERIFY AGAINST CURRENT SPEC SHEET"
D38999/26FF11SN,connector,"CONNECTOR, PLUG, D38999 SERIES III, SHELL 19, 11 SKT SIZE 16, ELECTROLESS NICKEL",,,,,,,,M39029/56-352,11,,"INSERT 19-11, N KEY. Contacts supplied separately. SAMPLE DATA - VERIFY AGAINST CURRENT SPEC SHEET"
D38999/26FF11PN,connector,"CONNECTOR, PLUG, D38999 SERIES III, SHELL 19, 11 PIN SIZE 16, ELECTROLESS NICKEL",,,,,,,,M39029/58-364,11,,"INSERT 19-11, N KEY. Contacts supplied separately. SAMPLE DATA - VERIFY AGAINST CURRENT SPEC SHEET"
D38999/26FF32SN,connector,"CONNECTOR, PLUG, D38999 SERIES III, SHELL 19, 32 SKT SIZE 20, ELECTROLESS NICKEL",,,,,,,,M39029/56-351,32,,"INSERT 19-32, N KEY. Contacts supplied separately. SAMPLE DATA - VERIFY AGAINST CURRENT SPEC SHEET"
D38999/26FF32PN,connector,"CONNECTOR, PLUG, D38999 SERIES III, SHELL 19, 32 PIN SIZE 20, ELECTROLESS NICKEL",,,,,,,,M39029/58-363,32,,"INSERT 19-32, N KEY. Contacts supplied separately. SAMPLE DATA - VERIFY AGAINST CURRENT SPEC SHEET"
D38999/26FF35SN,connector,"CONNECTOR, PLUG, D38999 SERIES III, SHELL 19, 66 SKT SIZE 22D, ELECTROLESS NICKEL",,,,,,,,M39029/56-348,66,,"INSERT 19-35, N KEY. Contacts supplied separately. SAMPLE DATA - VERIFY AGAINST CURRENT SPEC SHEET"
D38999/26FF35PN,connector,"CONNECTOR, PLUG, D38999 SERIES III, SHELL 19, 66 PIN SIZE 22D, ELECTROLESS NICKEL",,,,,,,,M39029/58-360,66,,"INSERT 19-35, N KEY. Contacts supplied separately. SAMPLE DATA - VERIFY AGAINST CURRENT SPEC SHEET"
D38999/26FG16SN,connector,"CONNECTOR, PLUG, D38999 SERIES III, SHELL 21, 16 SKT SIZE 16, ELECTROLESS NICKEL",,,,,,,,M39029/56-352,16,,"INSERT 21-16, N KEY. Contacts supplied separately. SAMPLE DATA - VERIFY AGAINST CURRENT SPEC SHEET"
D38999/26FG16PN,connector,"CONNECTOR, PLUG, D38999 SERIES III, SHELL 21, 16 PIN SIZE 16, ELECTROLESS NICKEL",,,,,,,,M39029/58-364,16,,"INSERT 21-16, N KEY. Contacts supplied separately. SAMPLE DATA - VERIFY AGAINST CURRENT SPEC SHEET"
D38999/26FG35SN,connector,"CONNECTOR, PLUG, D38999 SERIES III, SHELL 21, 79 SKT SIZE 22D, ELECTROLESS NICKEL",,,,,,,,M39029/56-348,79,,"INSERT 21-35, N KEY. Contacts supplied separately. SAMPLE DATA - VERIFY AGAINST CURRENT SPEC SHEET"
D38999/26FG35PN,connector,"CONNECTOR, PLUG, D38999 SERIES III, SHELL 21, 79 PIN SIZE 22D, ELECTROLESS NICKEL",,,,,,,,M39029/58-360,79,,"INSERT 21-35, N KEY. Contacts supplied separately. SAMPLE DATA - VERIFY AGAINST CURRENT SPEC SHEET"
D38999/26FG41SN,connector,"CONNECTOR, PLUG, D38999 SERIES III, SHELL 21, 41 SKT SIZE 20, ELECTROLESS NICKEL",,,,,,,,M39029/56-351,41,,"INSERT 21-41, N KEY. Contacts supplied separately. SAMPLE DATA - VERIFY AGAINST CURRENT SPEC SHEET"
D38999/26FG41PN,connector,"CONNECTOR, PLUG, D38999 SERIES III, SHELL 21, 41 PIN SIZE 20, ELECTROLESS NICKEL",,,,,,,,M39029/58-363,41,,"INSERT 21-41, N KEY. Contacts supplied separately. SAMPLE DATA - VERIFY AGAINST CURRENT SPEC SHEET"
D38999/26FH21SN,connector,"CONNECTOR, PLUG, D38999 SERIES III, SHELL 23, 21 SKT SIZE 16, ELECTROLESS NICKEL",,,,,,,,M39029/56-352,21,,"INSERT 23-21, N KEY. Contacts supplied separately. SAMPLE DATA - VERIFY AGAINST CURRENT SPEC SHEET"
D38999/26FH21PN,connector,"CONNECTOR, PLUG, D38999 SERIES III, SHELL 23, 21 PIN SIZE 16, ELECTROLESS NICKEL",,,,,,,,M39029/58-364,21,,"INSERT 23-21, N KEY. Contacts supplied separately. SAMPLE DATA - VERIFY AGAINST CURRENT SPEC SHEET"
D38999/26FH35SN,connector,"CONNECTOR, PLUG, D38999 SERIES III, SHELL 23, 100 SKT SIZE 22D, ELECTROLESS NICKEL",,,,,,,,M39029/56-348,100,,"INSERT 23-35, N KEY. Contacts supplied separately. SAMPLE DATA - VERIFY AGAINST CURRENT SPEC SHEET"
D38999/26FH35PN,connector,"CONNECTOR, PLUG, D38999 SERIES III, SHELL 23, 100 PIN SIZE 22D, ELECTROLESS NICKEL",,,,,,,,M39029/58-360,100,,"INSERT 23-35, N KEY. Contacts supplied separately. SAMPLE DATA - VERIFY AGAINST CURRENT SPEC SHEET"
D38999/26FH53SN,connector,"CONNECTOR, PLUG, D38999 SERIES III, SHELL 23, 53 SKT SIZE 20, ELECTROLESS NICKEL",,,,,,,,M39029/56-351,53,,"INSERT 23-53, N KEY. Contacts supplied separately. SAMPLE DATA - VERIFY AGAINST CURRENT SPEC SHEET"
D38999/26FH53PN,connector,"CONNECTOR, PLUG, D38999 SERIES III, SHELL 23, 53 PIN SIZE 20, ELECTROLESS NICKEL",,,,,,,,M39029/58-363,53,,"INSERT 23-53, N KEY. Contacts supplied separately. SAMPLE DATA - VERIFY AGAINST CURRENT SPEC SHEET"
D38999/26FJ29SN,connector,"CONNECTOR, PLUG, D38999 SERIES III, SHELL 25, 29 SKT SIZE 16, ELECTROLESS NICKEL",,,,,,,,M39029/56-352,29,,"INSERT 25-29, N KEY. Contacts supplied separately. SAMPLE DATA - VERIFY AGAINST CURRENT SPEC SHEET"
D38999/26FJ29PN,connector,"CONNECTOR, PLUG, D38999 SERIES III, SHELL 25, 29 PIN SIZE 16, ELECTROLESS NICKEL",,,,,,,,M39029/58-364,29,,"INSERT 25-29, N KEY. Contacts supplied separately. SAMPLE DATA - VERIFY AGAINST CURRENT SPEC SHEET"
D38999/26FJ35SN,connector,"CONNECTOR, PLUG, D38999 SERIES III, SHELL 25, 128 SKT SIZE 22D, ELECTROLESS NICKEL",,,,,,,,M39029/56-348,128,,"INSERT 25-35, N KEY. Contacts supplied separately. SAMPLE DATA - VERIFY AGAINST CURRENT SPEC SHEET"
D38999/26FJ35PN,connector,"CONNECTOR, PLUG, D38999 SERIES III, SHELL 25, 128 PIN SIZE 22D, ELECTROLESS NICKEL",,,,,,,,M39029/58-360,128,,"INSERT 25-35, N KEY. Contacts supplied separately. SAMPLE DATA - VERIFY AGAINST CURRENT SPEC SHEET"
D38999/26FJ61SN,connector,"CONNECTOR, PLUG, D38999 SERIES III, SHELL 25, 61 SKT SIZE 20, ELECTROLESS NICKEL",,,,,,,,M39029/56-351,61,,"INSERT 25-61, N KEY. Contacts supplied separately. SAMPLE DATA - VERIFY AGAINST CURRENT SPEC SHEET"
D38999/26FJ61PN,connector,"CONNECTOR, PLUG, D38999 SERIES III, SHELL 25, 61 PIN SIZE 20, ELECTROLESS NICKEL",,,,,,,,M39029/58-363,61,,"INSERT 25-61, N KEY. Contacts supplied separately. SAMPLE DATA - VERIFY AGAINST CURRENT SPEC SHEET"
D38999/26WA35SN,connector,"CONNECTOR, PLUG, D38999 SERIES III, SHELL 9, 6 SKT SIZE 22D, OLIVE DRAB CADMIUM",,,,,,,,M39029/56-348,6,,"CADMIUM FINISH: CHECK HAZARDOUS-MATERIAL RESTRICTIONS. INSERT 9-35, N KEY. Contacts supplied separately. SAMPLE DATA - VERIFY AGAINST CURRENT SPEC SHEET"
D38999/26WA35PN,connector,"CONNECTOR, PLUG, D38999 SERIES III, SHELL 9, 6 PIN SIZE 22D, OLIVE DRAB CADMIUM",,,,,,,,M39029/58-360,6,,"CADMIUM FINISH: CHECK HAZARDOUS-MATERIAL RESTRICTIONS. INSERT 9-35, N KEY. Contacts supplied separately. SAMPLE DATA - VERIFY AGAINST CURRENT SPEC SHEET"
D38999/26WA98SN,connector,"CONNECTOR, PLUG, D38999 SERIES III, SHELL 9, 3 SKT SIZE 20, OLIVE DRAB CADMIUM",,,,,,,,M39029/56-351,3,,"CADMIUM FINISH: CHECK HAZARDOUS-MATERIAL RESTRICTIONS. INSERT 9-98, N KEY. Contacts supplied separately. SAMPLE DATA - VERIFY AGAINST CURRENT SPEC SHEET"
D38999/26WA98PN,connector,"CONNECTOR, PLUG, D38999 SERIES III, SHELL 9, 3 PIN SIZE 20, OLIVE DRAB CADMIUM",,,,,,,,M39029/58-363,3,,"CADMIUM FINISH: CHECK HAZARDOUS-MATERIAL RESTRICTIONS. INSERT 9-98, N KEY. Contacts supplied separately. SAMPLE DATA - VERIFY AGAINST CURRENT SPEC SHEET"
D38999/26WB35SN,connector,"CONNECTOR, PLUG, D38999 SERIES III, SHELL 11, 13 SKT SIZE 22D, OLIVE DRAB CADMIUM",,,,,,,,M39029/56-348,13,,"CADMIUM FINISH: CHECK HAZARDOUS-MATERIAL RESTRICTIONS. INSERT 11-35, N KEY. Contacts supplied separately. SAMPLE DATA - VERIFY AGAINST CURRENT SPEC SHEET"
D38999/26WB35PN,connector,"CONNECTOR, PLUG, D38999 SERIES III, SHELL 11, 13 PIN SIZE 22D, OLIVE DRAB CADMIUM",,,,,,,,M39029/58-360,13,,"CADMIUM FINISH: CHECK HAZARDOUS-MATERIAL RESTRICTIONS. INSERT 11-35, N KEY. Contacts supplied separately. SAMPLE DATA - VERIFY AGAINST CURRENT SPEC SHEET"
D38999/26WB98SN,connector,"CONNECTOR, PLUG, D38999 SERIES III, SHELL 11, 6 SKT SIZE 20, OLIVE DRAB CADMIUM",,,,,,,,M39029/56-351,6,,"CADMIUM FINISH: CHECK HAZARDOUS-MATERIAL RESTRICTIONS. INSERT 11-98, N KEY. Contacts supplied separately. SAMPLE DATA - VERIFY AGAINST CURRENT SPEC SHEET"
D38999/26WB98PN,connector,"CONNECTOR, PLUG, D38999 SERIES III, SHELL 11, 6 PIN SIZE 20, OLIVE DRAB CADMIUM",,,,,,,,M39029/58-363,6,,"CADMIUM FINISH: CHECK HAZARDOUS-MATERIAL RESTRICTIONS. INSERT 11-98, N KEY. Contacts supplied separately. SAMPLE DATA - VERIFY AGAINST CURRENT SPEC SHEET"
D38999/26WC04SN,connector,"CONNECTOR, PLUG, D38999 SERIES III, SHELL 13, 4 SKT SIZE 16, OLIVE DRAB CADMIUM",,,,,,,,M39029/56-352,4,,"CADMIUM FINISH: CHECK HAZARDOUS-MATERIAL RESTRICTIONS. INSERT 13-04, N KEY. Contacts supplied separately. SAMPLE DATA - VERIFY AGAINST CURRENT SPEC SHEET"
D38999/26WC04PN,connector,"CONNECTOR, PLUG, D38999 SERIES III, SHELL 13, 4 PIN SIZE 16, OLIVE DRAB CADMIUM",,,,,,,,M39029/58-364,4,,"CADMIUM FINISH: CHECK HAZARDOUS-MATERIAL RESTRICTIONS. INSERT 13-04, N KEY. Contacts supplied separately. SAMPLE DATA - VERIFY AGAINST CURRENT SPEC SHEET"
D38999/26WC35SN,connector,"CONNECTOR, PLUG, D38999 SERIES III, SHELL 13, 22 SKT SIZE 22D, OLIVE DRAB CADMIUM",,,,,,,,M39029/56-348,22,,"CADMIUM FINISH: CHECK HAZARDOUS-MATERIAL RESTRICTIONS. INSERT 13-35, N KEY. Contacts supplied separately. SAMPLE DATA - VERIFY AGAINST CURRENT SPEC SHEET"
D38999/26WC35PN,connector,"CONNECTOR, PLUG, D38999 SERIES III, SHELL 13, 22 PIN SIZE 22D, OLIVE DRAB CADMIUM",,,,,,,,M39029/58-360,22,,"CADMIUM FINISH: CHECK HAZARDOUS-MATERIAL RESTRICTIONS. INSERT 13-35, N KEY. Contacts supplied separately. SAMPLE DATA - VERIFY AGAINST CURRENT SPEC SHEET"
D38999/26WC98SN,connector,"CONNECTOR, PLUG, D38999 SERIES III, SHELL 13, 10 SKT SIZE 20, OLIVE DRAB CADMIUM",,,,,,,,M39029/56-351,10,,"CADMIUM FINISH: CHECK HAZARDOUS-MATERIAL RESTRICTIONS. INSERT 13-98, N KEY. Contacts supplied separately. SAMPLE DATA - VERIFY AGAINST CURRENT SPEC SHEET"
D38999/26WC98PN,connector,"CONNECTOR, PLUG, D38999 SERIES III, SHELL 13, 10 PIN SIZE 20, OLIVE DRAB CADMIUM",,,,,,,,M39029/58-363,10,,"CADMIUM FINISH: CHECK HAZARDOUS-MATERIAL RESTRICTIONS. INSERT 13-98, N KEY. Contacts supplied separately. SAMPLE DATA - VERIFY AGAINST CURRENT SPEC SHEET"
D38999/26WD05SN,connector,"CONNECTOR, PLUG, D38999 SERIES III, SHELL 15, 5 SKT SIZE 16, OLIVE DRAB CADMIUM",,,,,,,,M39029/56-352,5,,"CADMIUM FINISH: CHECK HAZARDOUS-MATERIAL RESTRICTIONS. INSERT 15-05, N KEY. Contacts supplied separately. SAMPLE DATA - VERIFY AGAINST CURRENT SPEC SHEET"
D38999/26WD05PN,connector,"CONNECTOR, PLUG, D38999 SERIES III, SHELL 15, 5 PIN SIZE 16, OLIVE DRAB CADMIUM",,,,,,,,M39029/58-364,5,,"CADMIUM FINISH: CHECK HAZARDOUS-MATERIAL RESTRICTIONS. INSERT 15-05, N KEY. Contacts supplied separately. SAMPLE DATA - VERIFY AGAINST CURRENT SPEC SHEET"
D38999/26WD18SN,connector,"CONNECTOR, PLUG, D38999 SERIES III, SHELL 15, 18 SKT SIZE 20, OLIVE DRAB CADMIUM",,,,,,,,M39029/56-351,18,,"CADMIUM FINISH: CHECK HAZARDOUS-MATERIAL RESTRICTIONS. INSERT 15-18, N KEY. Contacts supplied separately. SAMPLE DATA - VERIFY AGAINST CURRENT SPEC SHEET"
D38999/26WD18PN,connector,"CONNECTOR, PLUG, D38999 SERIES III, SHELL 15, 18 PIN SIZE 20, OLIVE DRAB CADMIUM",,,,,,,,M39029/58-363,18,,"CADMIUM FINISH: CHECK HAZARDOUS-MATERIAL RESTRICTIONS. INSERT 15-18, N KEY. Contacts supplied separately. SAMPLE DATA - VERIFY AGAINST CURRENT SPEC SHEET"
D38999/26WD19SN,connector,"CONNECTOR, PLUG, D38999 SERIES III, SHELL 15, 19 SKT SIZE 20, OLIVE DRAB CADMIUM",,,,,,,,M39029/56-351,19,,"CADMIUM FINISH: CHECK HAZARDOUS-MATERIAL RESTRICTIONS. INSERT 15-19, N KEY. Contacts supplied separately. SAMPLE DATA - VERIFY AGAINST CURRENT SPEC SHEET"
D38999/26WD19PN,connector,"CONNECTOR, PLUG, D38999 SERIES III, SHELL 15, 19 PIN SIZE 20, OLIVE DRAB CADMIUM",,,,,,,,M39029/58-363,19,,"CADMIUM FINISH: CHECK HAZARDOUS-MATERIAL RESTRICTIONS. INSERT 15-19, N KEY. Contacts supplied separately. SAMPLE DATA - VERIFY AGAINST CURRENT SPEC SHEET"
D38999/26WD35SN,connector,"CONNECTOR, PLUG, D38999 SERIES III, SHELL 15, 37 SKT SIZE 22D, OLIVE DRAB CADMIUM",,,,,,,,M39029/56-348,37,,"CADMIUM FINISH: CHECK HAZARDOUS-MATERIAL RESTRICTIONS. INSERT 15-35, N KEY. Contacts supplied separately. SAMPLE DATA - VERIFY AGAINST CURRENT SPEC SHEET"
D38999/26WD35PN,connector,"CONNECTOR, PLUG, D38999 SERIES III, SHELL 15, 37 PIN SIZE 22D, OLIVE DRAB CADMIUM",,,,,,,,M39029/58-360,37,,"CADMIUM FINISH: CHECK HAZARDOUS-MATERIAL RESTRICTIONS. INSERT 15-35, N KEY. Contacts supplied separately. SAMPLE DATA - VERIFY AGAINST CURRENT SPEC SHEET"
D38999/26WE08SN,connector,"CONNECTOR, PLUG, D38999 SERIES III, SHELL 17, 8 SKT SIZE 16, OLIVE DRAB CADMIUM",,,,,,,,M39029/56-352,8,,"CADMIUM FINISH: CHECK HAZARDOUS-MATERIAL RESTRICTIONS. INSERT 17-08, N KEY. Contacts supplied separately. SAMPLE DATA - VERIFY AGAINST CURRENT SPEC SHEET"
D38999/26WE08PN,connector,"CONNECTOR, PLUG, D38999 SERIES III, SHELL 17, 8 PIN SIZE 16, OLIVE DRAB CADMIUM",,,,,,,,M39029/58-364,8,,"CADMIUM FINISH: CHECK HAZARDOUS-MATERIAL RESTRICTIONS. INSERT 17-08, N KEY. Contacts supplied separately. SAMPLE DATA - VERIFY AGAINST CURRENT SPEC SHEET"
D38999/26WE26SN,connector,"CONNECTOR, PLUG, D38999 SERIES III, SHELL 17, 26 SKT SIZE 20, OLIVE DRAB CADMIUM",,,,,,,,M39029/56-351,26,,"CADMIUM FINISH: CHECK HAZARDOUS-MATERIAL RESTRICTIONS. INSERT 17-26, N KEY. Contacts supplied separately. SAMPLE DATA - VERIFY AGAINST CURRENT SPEC SHEET"
D38999/26WE26PN,connector,"CONNECTOR, PLUG, D38999 SERIES III, SHELL 17, 26 PIN SIZE 20, OLIVE DRAB CADMIUM",,,,,,,,M39029/58-363,26,,"CADMIUM FINISH: CHECK HAZARDOUS-MATERIAL RESTRICTIONS. INSERT 17-26, N KEY. Contacts supplied separately. SAMPLE DATA - VERIFY AGAINST CURRENT SPEC SHEET"
D38999/26WE35SN,connector,"CONNECTOR, PLUG, D38999 SERIES III, SHELL 17, 55 SKT SIZE 22D, OLIVE DRAB CADMIUM",,,,,,,,M39029/56-348,55,,"CADMIUM FINISH: CHECK HAZARDOUS-MATERIAL RESTRICTIONS. INSERT 17-35, N KEY. Contacts supplied separately. SAMPLE DATA - VERIFY AGAINST CURRENT SPEC SHEET"
D38999/26WE35PN,connector,"CONNECTOR, PLUG, D38999 SERIES III, SHELL 17, 55 PIN SIZE 22D, OLIVE DRAB CADMIUM",,,,,,,,M39029/58-360,55,,"CADMIUM FINISH: CHECK HAZARDOUS-MATERIAL RESTRICTIONS. INSERT 17-35, N KEY. Contacts supplied separately. SAMPLE DATA - VERIFY AGAINST CURRENT SPEC SHEET"
D38999/26WF11SN,connector,"CONNECTOR, PLUG, D38999 SERIES III, SHELL 19, 11 SKT SIZE 16, OLIVE DRAB CADMIUM",,,,,,,,M39029/56-352,11,,"CADMIUM FINISH: CHECK HAZARDOUS-MATERIAL RESTRICTIONS. INSERT 19-11, N KEY. Contacts supplied separately. SAMPLE DATA - VERIFY AGAINST CURRENT SPEC SHEET"
D38999/26WF11PN,connector,"CONNECTOR, PLUG, D38999 SERIES III, SHELL 19, 11 PIN SIZE 16, OLIVE DRAB CADMIUM",,,,,,,,M39029/58-364,11,,"CADMIUM FINISH: CHECK HAZARDOUS-MATERIAL RESTRICTIONS. INSERT 19-11, N KEY. Contacts supplied separately. SAMPLE DATA - VERIFY AGAINST CURRENT SPEC SHEET"
D38999/26WF32SN,connector,"CONNECTOR, PLUG, D38999 SERIES III, SHELL 19, 32 SKT SIZE 20, OLIVE DRAB CADMIUM",,,,,,,,M39029/56-351,32,,"CADMIUM FINISH: CHECK HAZARDOUS-MATERIAL RESTRICTIONS. INSERT 19-32, N KEY. Contacts supplied separately. SAMPLE DATA - VERIFY AGAINST CURRENT SPEC SHEET"
D38999/26WF32PN,connector,"CONNECTOR, PLUG, D38999 SERIES III, SHELL 19, 32 PIN SIZE 20, OLIVE DRAB CADMIUM",,,,,,,,M39029/58-363,32,,"CADMIUM FINISH: CHECK HAZARDOUS-MATERIAL RESTRICTIONS. INSERT 19-32, N KEY. Contacts supplied separately. SAMPLE DATA - VERIFY AGAINST CURRENT SPEC SHEET"
D38999/26WF35SN,connector,"CONNECTOR, PLUG, D38999 SERIES III, SHELL 19, 66 SKT SIZE 22D, OLIVE DRAB CADMIUM",,,,,,,,M39029/56-348,66,,"CADMIUM FINISH: CHECK HAZARDOUS-MATERIAL RESTRICTIONS. INSERT 19-35, N KEY. Contacts supplied separately. SAMPLE DATA - VERIFY AGAINST CURRENT SPEC SHEET"
D38999/26WF35PN,connector,"CONNECTOR, PLUG, D38999 SERIES III, SHELL 19, 66 PIN SIZE 22D, OLIVE DRAB CADMIUM",,,,,,,,M39029/58-360,66,,"CADMIUM FINISH: CHECK HAZARDOUS-MATERIAL RESTRICTIONS. INSERT 19-35, N KEY. Contacts supplied separately. SAMPLE DATA - VERIFY AGAINST CURRENT SPEC SHEET"
D38999/26WG16SN,connector,"CONNECTOR, PLUG, D38999 SERIES III, SHELL 21, 16 SKT SIZE 16, OLIVE DRAB CADMIUM",,,,,,,,M39029/56-352,16,,"CADMIUM FINISH: CHECK HAZARDOUS-MATERIAL RESTRICTIONS. INSERT 21-16, N KEY. Contacts supplied separately. SAMPLE DATA - VERIFY AGAINST CURRENT SPEC SHEET"
D38999/26WG16PN,connector,"CONNECTOR, PLUG, D38999 SERIES III, SHELL 21, 16 PIN SIZE 16, OLIVE DRAB CADMIUM",,,,,,,,M39029/58-364,16,,"CADMIUM FINISH: CHECK HAZARDOUS-MATERIAL RESTRICTIONS. INSERT 21-16, N KEY. Contacts supplied separately. SAMPLE DATA - VERIFY AGAINST CURRENT SPEC SHEET"
D38999/26WG35SN,connector,"CONNECTOR, PLUG, D38999 SERIES III, SHELL 21, 79 SKT SIZE 22D, OLIVE DRAB CADMIUM",,,,,,,,M39029/56-348,79,,"CADMIUM FINISH: CHECK HAZARDOUS-MATERIAL RESTRICTIONS. INSERT 21-35, N KEY. Contacts supplied separately. SAMPLE DATA - VERIFY AGAINST CURRENT SPEC SHEET"
D38999/26WG35PN,connector,"CONNECTOR, PLUG, D38999 SERIES III, SHELL 21, 79 PIN SIZE 22D, OLIVE DRAB CADMIUM",,,,,,,,M39029/58-360,79,,"CADMIUM FINISH: CHECK HAZARDOUS-MATERIAL RESTRICTIONS. INSERT 21-35, N KEY. Contacts supplied separately. SAMPLE DATA - VERIFY AGAINST CURRENT SPEC SHEET"
D38999/26WG41SN,connector,"CONNECTOR, PLUG, D38999 SERIES III, SHELL 21, 41 SKT SIZE 20, OLIVE DRAB CADMIUM",,,,,,,,M39029/56-351,41,,"CADMIUM FINISH: CHECK HAZARDOUS-MATERIAL RESTRICTIONS. INSERT 21-41, N KEY. Contacts supplied separately. SAMPLE DATA - VERIFY AGAINST CURRENT SPEC SHEET"
D38999/26WG41PN,connector,"CONNECTOR, PLUG, D38999 SERIES III, SHELL 21, 41 PIN SIZE 20, OLIVE DRAB CADMIUM",,,,,,,,M39029/58-363,41,,"CADMIUM FINISH: CHECK HAZARDOUS-MATERIAL RESTRICTIONS. INSERT 21-41, N KEY. Contacts supplied separately. SAMPLE DATA - VERIFY AGAINST CURRENT SPEC SHEET"
D38999/26WH21SN,connector,"CONNECTOR, PLUG, D38999 SERIES III, SHELL 23, 21 SKT SIZE 16, OLIVE DRAB CADMIUM",,,,,,,,M39029/56-352,21,,"CADMIUM FINISH: CHECK HAZARDOUS-MATERIAL RESTRICTIONS. INSERT 23-21, N KEY. Contacts supplied separately. SAMPLE DATA - VERIFY AGAINST CURRENT SPEC SHEET"
D38999/26WH21PN,connector,"CONNECTOR, PLUG, D38999 SERIES III, SHELL 23, 21 PIN SIZE 16, OLIVE DRAB CADMIUM",,,,,,,,M39029/58-364,21,,"CADMIUM FINISH: CHECK HAZARDOUS-MATERIAL RESTRICTIONS. INSERT 23-21, N KEY. Contacts supplied separately. SAMPLE DATA - VERIFY AGAINST CURRENT SPEC SHEET"
D38999/26WH35SN,connector,"CONNECTOR, PLUG, D38999 SERIES III, SHELL 23, 100 SKT SIZE 22D, OLIVE DRAB CADMIUM",,,,,,,,M39029/56-348,100,,"CADMIUM FINISH: CHECK HAZARDOUS-MATERIAL RESTRICTIONS. INSERT 23-35, N KEY. Contacts supplied separately. SAMPLE DATA - VERIFY AGAINST CURRENT SPEC SHEET"
D38999/26WH35PN,connector,"CONNECTOR, PLUG, D38999 SERIES III, SHELL 23, 100 PIN SIZE 22D, OLIVE DRAB CADMIUM",,,,,,,,M39029/58-360,100,,"CADMIUM FINISH: CHECK HAZARDOUS-MATERIAL RESTRICTIONS. INSERT 23-35, N KEY. Contacts supplied separately. SAMPLE DATA - VERIFY AGAINST CURRENT SPEC SHEET"
D38999/26WH53SN,connector,"CONNECTOR, PLUG, D38999 SERIES III, SHELL 23, 53 SKT SIZE 20, OLIVE DRAB CADMIUM",,,,,,,,M39029/56-351,53,,"CADMIUM FINISH: CHECK HAZARDOUS-MATERIAL RESTRICTIONS. INSERT 23-53, N KEY. Contacts supplied separately. SAMPLE DATA - VERIFY AGAINST CURRENT SPEC SHEET"
D38999/26WH53PN,connector,"CONNECTOR, PLUG, D38999 SERIES III, SHELL 23, 53 PIN SIZE 20, OLIVE DRAB CADMIUM",,,,,,,,M39029/58-363,53,,"CADMIUM FINISH: CHECK HAZARDOUS-MATERIAL RESTRICTIONS. INSERT 23-53, N KEY. Contacts supplied separately. SAMPLE DATA - VERIFY AGAINST CURRENT SPEC SHEET"
D38999/26WJ29SN,connector,"CONNECTOR, PLUG, D38999 SERIES III, SHELL 25, 29 SKT SIZE 16, OLIVE DRAB CADMIUM",,,,,,,,M39029/56-352,29,,"CADMIUM FINISH: CHECK HAZARDOUS-MATERIAL RESTRICTIONS. INSERT 25-29, N KEY. Contacts supplied separately. SAMPLE DATA - VERIFY AGAINST CURRENT SPEC SHEET"
D38999/26WJ29PN,connector,"CONNECTOR, PLUG, D38999 SERIES III, SHELL 25, 29 PIN SIZE 16, OLIVE DRAB CADMIUM",,,,,,,,M39029/58-364,29,,"CADMIUM FINISH: CHECK HAZARDOUS-MATERIAL RESTRICTIONS. INSERT 25-29, N KEY. Contacts supplied separately. SAMPLE DATA - VERIFY AGAINST CURRENT SPEC SHEET"
D38999/26WJ35SN,connector,"CONNECTOR, PLUG, D38999 SERIES III, SHELL 25, 128 SKT SIZE 22D, OLIVE DRAB CADMIUM",,,,,,,,M39029/56-348,128,,"CADMIUM FINISH: CHECK HAZARDOUS-MATERIAL RESTRICTIONS. INSERT 25-35, N KEY. Contacts supplied separately. SAMPLE DATA - VERIFY AGAINST CURRENT SPEC SHEET"
D38999/26WJ35PN,connector,"CONNECTOR, PLUG, D38999 SERIES III, SHELL 25, 128 PIN SIZE 22D, OLIVE DRAB CADMIUM",,,,,,,,M39029/58-360,128,,"CADMIUM FINISH: CHECK HAZARDOUS-MATERIAL RESTRICTIONS. INSERT 25-35, N KEY. Contacts supplied separately. SAMPLE DATA - VERIFY AGAINST CURRENT SPEC SHEET"
D38999/26WJ61SN,connector,"CONNECTOR, PLUG, D38999 SERIES III, SHELL 25, 61 SKT SIZE 20, OLIVE DRAB CADMIUM",,,,,,,,M39029/56-351,61,,"CADMIUM FINISH: CHECK HAZARDOUS-MATERIAL RESTRICTIONS. INSERT 25-61, N KEY. Contacts supplied separately. SAMPLE DATA - VERIFY AGAINST CURRENT SPEC SHEET"
D38999/26WJ61PN,connector,"CONNECTOR, PLUG, D38999 SERIES III, SHELL 25, 61 PIN SIZE 20, OLIVE DRAB CADMIUM",,,,,,,,M39029/58-363,61,,"CADMIUM FINISH: CHECK HAZARDOUS-MATERIAL RESTRICTIONS. INSERT 25-61, N KEY. Contacts supplied separately. SAMPLE DATA - VERIFY AGAINST CURRENT SPEC SHEET"
D38999/26ZA35SN,connector,"CONNECTOR, PLUG, D38999 SERIES III, SHELL 9, 6 SKT SIZE 22D, BLACK ZINC NICKEL",,,,,,,,M39029/56-348,6,,"INSERT 9-35, N KEY. Contacts supplied separately. SAMPLE DATA - VERIFY AGAINST CURRENT SPEC SHEET"
D38999/26ZA35PN,connector,"CONNECTOR, PLUG, D38999 SERIES III, SHELL 9, 6 PIN SIZE 22D, BLACK ZINC NICKEL",,,,,,,,M39029/58-360,6,,"INSERT 9-35, N KEY. Contacts supplied separately. SAMPLE DATA - VERIFY AGAINST CURRENT SPEC SHEET"
D38999/26ZA98SN,connector,"CONNECTOR, PLUG, D38999 SERIES III, SHELL 9, 3 SKT SIZE 20, BLACK ZINC NICKEL",,,,,,,,M39029/56-351,3,,"INSERT 9-98, N KEY. Contacts supplied separately. SAMPLE DATA - VERIFY AGAINST CURRENT SPEC SHEET"
D38999/26ZA98PN,connector,"CONNECTOR, PLUG, D38999 SERIES III, SHELL 9, 3 PIN SIZE 20, BLACK ZINC NICKEL",,,,,,,,M39029/58-363,3,,"INSERT 9-98, N KEY. Contacts supplied separately. SAMPLE DATA - VERIFY AGAINST CURRENT SPEC SHEET"
D38999/26ZB35SN,connector,"CONNECTOR, PLUG, D38999 SERIES III, SHELL 11, 13 SKT SIZE 22D, BLACK ZINC NICKEL",,,,,,,,M39029/56-348,13,,"INSERT 11-35, N KEY. Contacts supplied separately. SAMPLE DATA - VERIFY AGAINST CURRENT SPEC SHEET"
D38999/26ZB35PN,connector,"CONNECTOR, PLUG, D38999 SERIES III, SHELL 11, 13 PIN SIZE 22D, BLACK ZINC NICKEL",,,,,,,,M39029/58-360,13,,"INSERT 11-35, N KEY. Contacts supplied separately. SAMPLE DATA - VERIFY AGAINST CURRENT SPEC SHEET"
D38999/26ZB98SN,connector,"CONNECTOR, PLUG, D38999 SERIES III, SHELL 11, 6 SKT SIZE 20, BLACK ZINC NICKEL",,,,,,,,M39029/56-351,6,,"INSERT 11-98, N KEY. Contacts supplied separately. SAMPLE DATA - VERIFY AGAINST CURRENT SPEC SHEET"
D38999/26ZB98PN,connector,"CONNECTOR, PLUG, D38999 SERIES III, SHELL 11, 6 PIN SIZE 20, BLACK ZINC NICKEL",,,,,,,,M39029/58-363,6,,"INSERT 11-98, N KEY. Contacts supplied separately. SAMPLE DATA - VERIFY AGAINST CURRENT SPEC SHEET"
D38999/26ZC04SN,connector,"CONNECTOR, PLUG, D38999 SERIES III, SHELL 13, 4 SKT SIZE 16, BLACK ZINC NICKEL",,,,,,,,M39029/56-352,4,,"INSERT 13-04, N KEY. Contacts supplied separately. SAMPLE DATA - VERIFY AGAINST CURRENT SPEC SHEET"
D38999/26ZC04PN,connector,"CONNECTOR, PLUG, D38999 SERIES III, SHELL 13, 4 PIN SIZE 16, BLACK ZINC NICKEL",,,,,,,,M39029/58-364,4,,"INSERT 13-04, N KEY. Contacts supplied separately. SAMPLE DATA - VERIFY AGAINST CURRENT SPEC SHEET"
D38999/26ZC35SN,connector,"CONNECTOR, PLUG, D38999 SERIES III, SHELL 13, 22 SKT SIZE 22D, BLACK ZINC NICKEL",,,,,,,,M39029/56-348,22,,"INSERT 13-35, N KEY. Contacts supplied separately. SAMPLE DATA - VERIFY AGAINST CURRENT SPEC SHEET"
D38999/26ZC35PN,connector,"CONNECTOR, PLUG, D38999 SERIES III, SHELL 13, 22 PIN SIZE 22D, BLACK ZINC NICKEL",,,,,,,,M39029/58-360,22,,"INSERT 13-35, N KEY. Contacts supplied separately. SAMPLE DATA - VERIFY AGAINST CURRENT SPEC SHEET"
D38999/26ZC98SN,connector,"CONNECTOR, PLUG, D38999 SERIES III, SHELL 13, 10 SKT SIZE 20, BLACK ZINC NICKEL",,,,,,,,M39029/56-351,10,,"INSERT 13-98, N KEY. Contacts supplied separately. SAMPLE DATA - VERIFY AGAINST CURRENT SPEC SHEET"
D38999/26ZC98PN,connector,"CONNECTOR, PLUG, D38999 SERIES III, SHELL 13, 10 PIN SIZE 20, BLACK ZINC NICKEL",,,,,,,,M39029/58-363,10,,"INSERT 13-98, N KEY. Contacts supplied separately. SAMPLE DATA - VERIFY AGAINST CURRENT SPEC SHEET"
D38999/26ZD05SN,connector,"CONNECTOR, PLUG, D38999 SERIES III, SHELL 15, 5 SKT SIZE 16, BLACK ZINC NICKEL",,,,,,,,M39029/56-352,5,,"INSERT 15-05, N KEY. Contacts supplied separately. SAMPLE DATA - VERIFY AGAINST CURRENT SPEC SHEET"
D38999/26ZD05PN,connector,"CONNECTOR, PLUG, D38999 SERIES III, SHELL 15, 5 PIN SIZE 16, BLACK ZINC NICKEL",,,,,,,,M39029/58-364,5,,"INSERT 15-05, N KEY. Contacts supplied separately. SAMPLE DATA - VERIFY AGAINST CURRENT SPEC SHEET"
D38999/26ZD18SN,connector,"CONNECTOR, PLUG, D38999 SERIES III, SHELL 15, 18 SKT SIZE 20, BLACK ZINC NICKEL",,,,,,,,M39029/56-351,18,,"INSERT 15-18, N KEY. Contacts supplied separately. SAMPLE DATA - VERIFY AGAINST CURRENT SPEC SHEET"
D38999/26ZD18PN,connector,"CONNECTOR, PLUG, D38999 SERIES III, SHELL 15, 18 PIN SIZE 20, BLACK ZINC NICKEL",,,,,,,,M39029/58-363,18,,"INSERT 15-18, N KEY. Contacts supplied separately. SAMPLE DATA - VERIFY AGAINST CURRENT SPEC SHEET"
D38999/26ZD19SN,connector,"CONNECTOR, PLUG, D38999 SERIES III, SHELL 15, 19 SKT SIZE 20, BLACK ZINC NICKEL",,,,,,,,M39029/56-351,19,,"INSERT 15-19, N KEY. Contacts supplied separately. SAMPLE DATA - VERIFY AGAINST CURRENT SPEC SHEET"
D38999/26ZD19PN,connector,"CONNECTOR, PLUG, D38999 SERIES III, SHELL 15, 19 PIN SIZE 20, BLACK ZINC NICKEL",,,,,,,,M39029/58-363,19,,"INSERT 15-19, N KEY. Contacts supplied separately. SAMPLE DATA - VERIFY AGAINST CURRENT SPEC SHEET"
D38999/26ZD35SN,connector,"CONNECTOR, PLUG, D38999 SERIES III, SHELL 15, 37 SKT SIZE 22D, BLACK ZINC NICKEL",,,,,,,,M39029/56-348,37,,"INSERT 15-35, N KEY. Contacts supplied separately. SAMPLE DATA - VERIFY AGAINST CURRENT SPEC SHEET"
D38999/26ZD35PN,connector,"CONNECTOR, PLUG, D38999 SERIES III, SHELL 15, 37 PIN SIZE 22D, BLACK ZINC NICKEL",,,,,,,,M39029/58-360,37,,"INSERT 15-35, N KEY. Contacts supplied separately. SAMPLE DATA - VERIFY AGAINST CURRENT SPEC SHEET"
D38999/26ZE08SN,connector,"CONNECTOR, PLUG, D38999 SERIES III, SHELL 17, 8 SKT SIZE 16, BLACK ZINC NICKEL",,,,,,,,M39029/56-352,8,,"INSERT 17-08, N KEY. Contacts supplied separately. SAMPLE DATA - VERIFY AGAINST CURRENT SPEC SHEET"
D38999/26ZE08PN,connector,"CONNECTOR, PLUG, D38999 SERIES III, SHELL 17, 8 PIN SIZE 16, BLACK ZINC NICKEL",,,,,,,,M39029/58-364,8,,"INSERT 17-08, N KEY. Contacts supplied separately. SAMPLE DATA - VERIFY AGAINST CURRENT SPEC SHEET"
D38999/26ZE26SN,connector,"CONNECTOR, PLUG, D38999 SERIES III, SHELL 17, 26 SKT SIZE 20, BLACK ZINC NICKEL",,,,,,,,M39029/56-351,26,,"INSERT 17-26, N KEY. Contacts supplied separately. SAMPLE DATA - VERIFY AGAINST CURRENT SPEC SHEET"
D38999/26ZE26PN,connector,"CONNECTOR, PLUG, D38999 SERIES III, SHELL 17, 26 PIN SIZE 20, BLACK ZINC NICKEL",,,,,,,,M39029/58-363,26,,"INSERT 17-26, N KEY. Contacts supplied separately. SAMPLE DATA - VERIFY AGAINST CURRENT SPEC SHEET"
D38999/26ZE35SN,connector,"CONNECTOR, PLUG, D38999 SERIES III, SHELL 17, 55 SKT SIZE 22D, BLACK ZINC NICKEL",,,,,,,,M39029/56-348,55,,"INSERT 17-35, N KEY. Contacts supplied separately. SAMPLE DATA - VERIFY AGAINST CURRENT SPEC SHEET"
D38999/26ZE35PN,connector,"CONNECTOR, PLUG, D38999 SERIES III, SHELL 17, 55 PIN SIZE 22D, BLACK ZINC NICKEL",,,,,,,,M39029/58-360,55,,"INSERT 17-35, N KEY. Contacts supplied separately. SAMPLE DATA - VERIFY AGAINST CURRENT SPEC SHEET"
D38999/26ZF11SN,connector,"CONNECTOR, PLUG, D38999 SERIES III, SHELL 19, 11 SKT SIZE 16, BLACK ZINC NICKEL",,,,,,,,M39029/56-352,11,,"INSERT 19-11, N KEY. Contacts supplied separately. SAMPLE DATA - VERIFY AGAINST CURRENT SPEC SHEET"
D38999/26ZF11PN,connector,"CONNECTOR, PLUG, D38999 SERIES III, SHELL 19, 11 PIN SIZE 16, BLACK ZINC NICKEL",,,,,,,,M39029/58-364,11,,"INSERT 19-11, N KEY. Contacts supplied separately. SAMPLE DATA - VERIFY AGAINST CURRENT SPEC SHEET"
D38999/26ZF32SN,connector,"CONNECTOR, PLUG, D38999 SERIES III, SHELL 19, 32 SKT SIZE 20, BLACK ZINC NICKEL",,,,,,,,M39029/56-351,32,,"INSERT 19-32, N KEY. Contacts supplied separately. SAMPLE DATA - VERIFY AGAINST CURRENT SPEC SHEET"
D38999/26ZF32PN,connector,"CONNECTOR, PLUG, D38999 SERIES III, SHELL 19, 32 PIN SIZE 20, BLACK ZINC NICKEL",,,,,,,,M39029/58-363,32,,"INSERT 19-32, N KEY. Contacts supplied separately. SAMPLE DATA - VERIFY AGAINST CURRENT SPEC SHEET"
D38999/26ZF35SN,connector,"CONNECTOR, PLUG, D38999 SERIES III, SHELL 19, 66 SKT SIZE 22D, BLACK ZINC NICKEL",,,,,,,,M39029/56-348,66,,"INSERT 19-35, N KEY. Contacts supplied separately. SAMPLE DATA - VERIFY AGAINST CURRENT SPEC SHEET"
D38999/26ZF35PN,connector,"CONNECTOR, PLUG, D38999 SERIES III, SHELL 19, 66 PIN SIZE 22D, BLACK ZINC NICKEL",,,,,,,,M39029/58-360,66,,"INSERT 19-35, N KEY. Contacts supplied separately. SAMPLE DATA - VERIFY AGAINST CURRENT SPEC SHEET"
D38999/26ZG16SN,connector,"CONNECTOR, PLUG, D38999 SERIES III, SHELL 21, 16 SKT SIZE 16, BLACK ZINC NICKEL",,,,,,,,M39029/56-352,16,,"INSERT 21-16, N KEY. Contacts supplied separately. SAMPLE DATA - VERIFY AGAINST CURRENT SPEC SHEET"
D38999/26ZG16PN,connector,"CONNECTOR, PLUG, D38999 SERIES III, SHELL 21, 16 PIN SIZE 16, BLACK ZINC NICKEL",,,,,,,,M39029/58-364,16,,"INSERT 21-16, N KEY. Contacts supplied separately. SAMPLE DATA - VERIFY AGAINST CURRENT SPEC SHEET"
D38999/26ZG35SN,connector,"CONNECTOR, PLUG, D38999 SERIES III, SHELL 21, 79 SKT SIZE 22D, BLACK ZINC NICKEL",,,,,,,,M39029/56-348,79,,"INSERT 21-35, N KEY. Contacts supplied separately. SAMPLE DATA - VERIFY AGAINST CURRENT SPEC SHEET"
D38999/26ZG35PN,connector,"CONNECTOR, PLUG, D38999 SERIES III, SHELL 21, 79 PIN SIZE 22D, BLACK ZINC NICKEL",,,,,,,,M39029/58-360,79,,"INSERT 21-35, N KEY. Contacts supplied separately. SAMPLE DATA - VERIFY AGAINST CURRENT SPEC SHEET"
D38999/26ZG41SN,connector,"CONNECTOR, PLUG, D38999 SERIES III, SHELL 21, 41 SKT SIZE 20, BLACK ZINC NICKEL",,,,,,,,M39029/56-351,41,,"INSERT 21-41, N KEY. Contacts supplied separately. SAMPLE DATA - VERIFY AGAINST CURRENT SPEC SHEET"
D38999/26ZG41PN,connector,"CONNECTOR, PLUG, D38999 SERIES III, SHELL 21, 41 PIN SIZE 20, BLACK ZINC NICKEL",,,,,,,,M39029/58-363,41,,"INSERT 21-41, N KEY. Contacts supplied separately. SAMPLE DATA - VERIFY AGAINST CURRENT SPEC SHEET"
D38999/26ZH21SN,connector,"CONNECTOR, PLUG, D38999 SERIES III, SHELL 23, 21 SKT SIZE 16, BLACK ZINC NICKEL",,,,,,,,M39029/56-352,21,,"INSERT 23-21, N KEY. Contacts supplied separately. SAMPLE DATA - VERIFY AGAINST CURRENT SPEC SHEET"
D38999/26ZH21PN,connector,"CONNECTOR, PLUG, D38999 SERIES III, SHELL 23, 21 PIN SIZE 16, BLACK ZINC NICKEL",,,,,,,,M39029/58-364,21,,"INSERT 23-21, N KEY. Contacts supplied separately. SAMPLE DATA - VERIFY AGAINST CURRENT SPEC SHEET"
D38999/26ZH35SN,connector,"CONNECTOR, PLUG, D38999 SERIES III, SHELL 23, 100 SKT SIZE 22D, BLACK ZINC NICKEL",,,,,,,,M39029/56-348,100,,"INSERT 23-35, N KEY. Contacts supplied separately. SAMPLE DATA - VERIFY AGAINST CURRENT SPEC SHEET"
D38999/26ZH35PN,connector,"CONNECTOR, PLUG, D38999 SERIES III, SHELL 23, 100 PIN SIZE 22D, BLACK ZINC NICKEL",,,,,,,,M39029/58-360,100,,"INSERT 23-35, N KEY. Contacts supplied separately. SAMPLE DATA - VERIFY AGAINST CURRENT SPEC SHEET"
D38999/26ZH53SN,connector,"CONNECTOR, PLUG, D38999 SERIES III, SHELL 23, 53 SKT SIZE 20, BLACK ZINC NICKEL",,,,,,,,M39029/56-351,53,,"INSERT 23-53, N KEY. Contacts supplied separately. SAMPLE DATA - VERIFY AGAINST CURRENT SPEC SHEET"
D38999/26ZH53PN,connector,"CONNECTOR, PLUG, D38999 SERIES III, SHELL 23, 53 PIN SIZE 20, BLACK ZINC NICKEL",,,,,,,,M39029/58-363,53,,"INSERT 23-53, N KEY. Contacts supplied separately. SAMPLE DATA - VERIFY AGAINST CURRENT SPEC SHEET"
D38999/26ZJ29SN,connector,"CONNECTOR, PLUG, D38999 SERIES III, SHELL 25, 29 SKT SIZE 16, BLACK ZINC NICKEL",,,,,,,,M39029/56-352,29,,"INSERT 25-29, N KEY. Contacts supplied separately. SAMPLE DATA - VERIFY AGAINST CURRENT SPEC SHEET"
D38999/26ZJ29PN,connector,"CONNECTOR, PLUG, D38999 SERIES III, SHELL 25, 29 PIN SIZE 16, BLACK ZINC NICKEL",,,,,,,,M39029/58-364,29,,"INSERT 25-29, N KEY. Contacts supplied separately. SAMPLE DATA - VERIFY AGAINST CURRENT SPEC SHEET"
D38999/26ZJ35SN,connector,"CONNECTOR, PLUG, D38999 SERIES III, SHELL 25, 128 SKT SIZE 22D, BLACK ZINC NICKEL",,,,,,,,M39029/56-348,128,,"INSERT 25-35, N KEY. Contacts supplied separately. SAMPLE DATA - VERIFY AGAINST CURRENT SPEC SHEET"
D38999/26ZJ35PN,connector,"CONNECTOR, PLUG, D38999 SERIES III, SHELL 25, 128 PIN SIZE 22D, BLACK ZINC NICKEL",,,,,,,,M39029/58-360,128,,"INSERT 25-35, N KEY. Contacts supplied separately. SAMPLE DATA - VERIFY AGAINST CURRENT SPEC SHEET"
D38999/26ZJ61SN,connector,"CONNECTOR, PLUG, D38999 SERIES III, SHELL 25, 61 SKT SIZE 20, BLACK ZINC NICKEL",,,,,,,,M39029/56-351,61,,"INSERT 25-61, N KEY. Contacts supplied separately. SAMPLE DATA - VERIFY AGAINST CURRENT SPEC SHEET"
D38999/26ZJ61PN,connector,"CONNECTOR, PLUG, D38999 SERIES III, SHELL 25, 61 PIN SIZE 20, BLACK ZINC NICKEL",,,,,,,,M39029/58-363,61,,"INSERT 25-61, N KEY. Contacts supplied separately. SAMPLE DATA - VERIFY AGAINST CURRENT SPEC SHEET"
D38999/20FA35SN,connector,"CONNECTOR, RECEPTACLE, WALL MOUNT, D38999 SERIES III, SHELL 9, 6 SKT SIZE 22D, ELECTROLESS NICKEL",,,,,,,,M39029/56-348,6,,"INSERT 9-35, N KEY. Contacts supplied separately. SAMPLE DATA - VERIFY AGAINST CURRENT SPEC SHEET"
D38999/20FA35PN,connector,"CONNECTOR, RECEPTACLE, WALL MOUNT, D38999 SERIES III, SHELL 9, 6 PIN SIZE 22D, ELECTROLESS NICKEL",,,,,,,,M39029/58-360,6,,"INSERT 9-35, N KEY. Contacts supplied separately. SAMPLE DATA - VERIFY AGAINST CURRENT SPEC SHEET"
D38999/20FA98SN,connector,"CONNECTOR, RECEPTACLE, WALL MOUNT, D38999 SERIES III, SHELL 9, 3 SKT SIZE 20, ELECTROLESS NICKEL",,,,,,,,M39029/56-351,3,,"INSERT 9-98, N KEY. Contacts supplied separately. SAMPLE DATA - VERIFY AGAINST CURRENT SPEC SHEET"
D38999/20FA98PN,connector,"CONNECTOR, RECEPTACLE, WALL MOUNT, D38999 SERIES III, SHELL 9, 3 PIN SIZE 20, ELECTROLESS NICKEL",,,,,,,,M39029/58-363,3,,"INSERT 9-98, N KEY. Contacts supplied separately. SAMPLE DATA - VERIFY AGAINST CURRENT SPEC SHEET"
D38999/20FB35SN,connector,"CONNECTOR, RECEPTACLE, WALL MOUNT, D38999 SERIES III, SHELL 11, 13 SKT SIZE 22D, ELECTROLESS NICKEL",,,,,,,,M39029/56-348,13,,"INSERT 11-35, N KEY. Contacts supplied separately. SAMPLE DATA - VERIFY AGAINST CURRENT SPEC SHEET"
D38999/20FB35PN,connector,"CONNECTOR, RECEPTACLE, WALL MOUNT, D38999 SERIES III, SHELL 11, 13 PIN SIZE 22D, ELECTROLESS NICKEL",,,,,,,,M39029/58-360,13,,"INSERT 11-35, N KEY. Contacts supplied separately. SAMPLE DATA - VERIFY AGAINST CURRENT SPEC SHEET"
D38999/20FB98SN,connector,"CONNECTOR, RECEPTACLE, WALL MOUNT, D38999 SERIES III, SHELL 11, 6 SKT SIZE 20, ELECTROLESS NICKEL",,,,,,,,M39029/56-351,6,,"INSERT 11-98, N KEY. Contacts supplied separately. SAMPLE DATA - VERIFY AGAINST CURRENT SPEC SHEET"
D38999/20FB98PN,connector,"CONNECTOR, RECEPTACLE, WALL MOUNT, D38999 SERIES III, SHELL 11, 6 PIN SIZE 20, ELECTROLESS NICKEL",,,,,,,,M39029/58-363,6,,"INSERT 11-98, N KEY. Contacts supplied separately. SAMPLE DATA - VERIFY AGAINST CURRENT SPEC SHEET"
D38999/20FC04SN,connector,"CONNECTOR, RECEPTACLE, WALL MOUNT, D38999 SERIES III, SHELL 13, 4 SKT SIZE 16, ELECTROLESS NICKEL",,,,,,,,M39029/56-352,4,,"INSERT 13-04, N KEY. Contacts supplied separately. SAMPLE DATA - VERIFY AGAINST CURRENT SPEC SHEET"
D38999/20FC04PN,connector,"CONNECTOR, RECEPTACLE, WALL MOUNT, D38999 SERIES III, SHELL 13, 4 PIN SIZE 16, ELECTROLESS NICKEL",,,,,,,,M39029/58-364,4,,"INSERT 13-04, N KEY. Contacts supplied separately. SAMPLE DATA - VERIFY AGAINST CURRENT SPEC SHEET"
D38999/20FC35SN,connector,"CONNECTOR, RECEPTACLE, WALL MOUNT, D38999 SERIES III, SHELL 13, 22 SKT SIZE 22D, ELECTROLESS NICKEL",,,,,,,,M39029/56-348,22,,"INSERT 13-35, N KEY. Contacts supplied separately. SAMPLE DATA - VERIFY AGAINST CURRENT SPEC SHEET"
D38999/20FC35PN,connector,"CONNECTOR, RECEPTACLE, WALL MOUNT, D38999 SERIES III, SHELL 13, 22 PIN SIZE 22D, ELECTROLESS NICKEL",,,,,,,,M39029/58-360,22,,"INSERT 13-35, N KEY. Contacts supplied separately. SAMPLE DATA - VERIFY AGAINST CURRENT SPEC SHEET"
D38999/20FC98SN,connector,"CONNECTOR, RECEPTACLE, WALL MOUNT, D38999 SERIES III, SHELL 13, 10 SKT SIZE 20, ELECTROLESS NICKEL",,,,,,,,M39029/56-351,10,,"INSERT 13-98, N KEY. Contacts supplied separately. SAMPLE DATA - VERIFY AGAINST CURRENT SPEC SHEET"
D38999/20FC98PN,connector,"CONNECTOR, RECEPTACLE, WALL MOUNT, D38999 SERIES III, SHELL 13, 10 PIN SIZE 20, ELECTROLESS NICKEL",,,,,,,,M39029/58-363,10,,"INSERT 13-98, N KEY. Contacts supplied separately. SAMPLE DATA - VERIFY AGAINST CURRENT SPEC SHEET"
D38999/20FD05SN,connector,"CONNECTOR, RECEPTACLE, WALL MOUNT, D38999 SERIES III, SHELL 15, 5 SKT SIZE 16, ELECTROLESS NICKEL",,,,,,,,M39029/56-352,5,,"INSERT 15-05, N KEY. Contacts supplied separately. SAMPLE DATA - VERIFY AGAINST CURRENT SPEC SHEET"
D38999/20FD05PN,connector,"CONNECTOR, RECEPTACLE, WALL MOUNT, D38999 SERIES III, SHELL 15, 5 PIN SIZE 16, ELECTROLESS NICKEL",,,,,,,,M39029/58-364,5,,"INSERT 15-05, N KEY. Contacts supplied separately. SAMPLE DATA - VERIFY AGAINST CURRENT SPEC SHEET"
D38999/20FD18SN,connector,"CONNECTOR, RECEPTACLE, WALL MOUNT, D38999 SERIES III, SHELL 15, 18 SKT SIZE 20, ELECTROLESS NICKEL",,,,,,,,M39029/56-351,18,,"INSERT 15-18, N KEY. Contacts supplied separately. SAMPLE DATA - VERIFY AGAINST CURRENT SPEC SHEET"
D38999/20FD18PN,connector,"CONNECTOR, RECEPTACLE, WALL MOUNT, D38999 SERIES III, SHELL 15, 18 PIN SIZE 20, ELECTROLESS NICKEL",,,,,,,,M39029/58-363,18,,"INSERT 15-18, N KEY. Contacts supplied separately. SAMPLE DATA - VERIFY AGAINST CURRENT SPEC SHEET"
D38999/20FD19SN,connector,"CONNECTOR, RECEPTACLE, WALL MOUNT, D38999 SERIES III, SHELL 15, 19 SKT SIZE 20, ELECTROLESS NICKEL",,,,,,,,M39029/56-351,19,,"INSERT 15-19, N KEY. Contacts supplied separately. SAMPLE DATA - VERIFY AGAINST CURRENT SPEC SHEET"
D38999/20FD19PN,connector,"CONNECTOR, RECEPTACLE, WALL MOUNT, D38999 SERIES III, SHELL 15, 19 PIN SIZE 20, ELECTROLESS NICKEL",,,,,,,,M39029/58-363,19,,"INSERT 15-19, N KEY. Contacts supplied separately. SAMPLE DATA - VERIFY AGAINST CURRENT SPEC SHEET"
D38999/20FD35SN,connector,"CONNECTOR, RECEPTACLE, WALL MOUNT, D38999 SERIES III, SHELL 15, 37 SKT SIZE 22D, ELECTROLESS NICKEL",,,,,,,,M39029/56-348,37,,"INSERT 15-35, N KEY. Contacts supplied separately. SAMPLE DATA - VERIFY AGAINST CURRENT SPEC SHEET"
D38999/20FD35PN,connector,"CONNECTOR, RECEPTACLE, WALL MOUNT, D38999 SERIES III, SHELL 15, 37 PIN SIZE 22D, ELECTROLESS NICKEL",,,,,,,,M39029/58-360,37,,"INSERT 15-35, N KEY. Contacts supplied separately. SAMPLE DATA - VERIFY AGAINST CURRENT SPEC SHEET"
D38999/20FE08SN,connector,"CONNECTOR, RECEPTACLE, WALL MOUNT, D38999 SERIES III, SHELL 17, 8 SKT SIZE 16, ELECTROLESS NICKEL",,,,,,,,M39029/56-352,8,,"INSERT 17-08, N KEY. Contacts supplied separately. SAMPLE DATA - VERIFY AGAINST CURRENT SPEC SHEET"
D38999/20FE08PN,connector,"CONNECTOR, RECEPTACLE, WALL MOUNT, D38999 SERIES III, SHELL 17, 8 PIN SIZE 16, ELECTROLESS NICKEL",,,,,,,,M39029/58-364,8,,"INSERT 17-08, N KEY. Contacts supplied separately. SAMPLE DATA - VERIFY AGAINST CURRENT SPEC SHEET"
D38999/20FE26SN,connector,"CONNECTOR, RECEPTACLE, WALL MOUNT, D38999 SERIES III, SHELL 17, 26 SKT SIZE 20, ELECTROLESS NICKEL",,,,,,,,M39029/56-351,26,,"INSERT 17-26, N KEY. Contacts supplied separately. SAMPLE DATA - VERIFY AGAINST CURRENT SPEC SHEET"
D38999/20FE26PN,connector,"CONNECTOR, RECEPTACLE, WALL MOUNT, D38999 SERIES III, SHELL 17, 26 PIN SIZE 20, ELECTROLESS NICKEL",,,,,,,,M39029/58-363,26,,"INSERT 17-26, N KEY. Contacts supplied separately. SAMPLE DATA - VERIFY AGAINST CURRENT SPEC SHEET"
D38999/20FE35SN,connector,"CONNECTOR, RECEPTACLE, WALL MOUNT, D38999 SERIES III, SHELL 17, 55 SKT SIZE 22D, ELECTROLESS NICKEL",,,,,,,,M39029/56-348,55,,"INSERT 17-35, N KEY. Contacts supplied separately. SAMPLE DATA - VERIFY AGAINST CURRENT SPEC SHEET"
D38999/20FE35PN,connector,"CONNECTOR, RECEPTACLE, WALL MOUNT, D38999 SERIES III, SHELL 17, 55 PIN SIZE 22D, ELECTROLESS NICKEL",,,,,,,,M39029/58-360,55,,"INSERT 17-35, N KEY. Contacts supplied separately. SAMPLE DATA - VERIFY AGAINST CURRENT SPEC SHEET"
D38999/20FF11SN,connector,"CONNECTOR, RECEPTACLE, WALL MOUNT, D38999 SERIES III, SHELL 19, 11 SKT SIZE 16, ELECTROLESS NICKEL",,,,,,,,M39029/56-352,11,,"INSERT 19-11, N KEY. Contacts supplied separately. SAMPLE DATA - VERIFY AGAINST CURRENT SPEC SHEET"
D38999/20FF11PN,connector,"CONNECTOR, RECEPTACLE, WALL MOUNT, D38999 SERIES III, SHELL 19, 11 PIN SIZE 16, ELECTROLESS NICKEL",,,,,,,,M39029/58-364,11,,"INSERT 19-11, N KEY. Contacts supplied separately. SAMPLE DATA - VERIFY AGAINST CURRENT SPEC SHEET"
D38999/20FF32SN,connector,"CONNECTOR, RECEPTACLE, WALL MOUNT, D38999 SERIES III, SHELL 19, 32 SKT SIZE 20, ELECTROLESS NICKEL",,,,,,,,M39029/56-351,32,,"INSERT 19-32, N KEY. Contacts supplied separately. SAMPLE DATA - VERIFY AGAINST CURRENT SPEC SHEET"
D38999/20FF32PN,connector,"CONNECTOR, RECEPTACLE, WALL MOUNT, D38999 SERIES III, SHELL 19, 32 PIN SIZE 20, ELECTROLESS NICKEL",,,,,,,,M39029/58-363,32,,"INSERT 19-32, N KEY. Contacts supplied separately. SAMPLE DATA - VERIFY AGAINST CURRENT SPEC SHEET"
D38999/20FF35SN,connector,"CONNECTOR, RECEPTACLE, WALL MOUNT, D38999 SERIES III, SHELL 19, 66 SKT SIZE 22D, ELECTROLESS NICKEL",,,,,,,,M39029/56-348,66,,"INSERT 19-35, N KEY. Contacts supplied separately. SAMPLE DATA - VERIFY AGAINST CURRENT SPEC SHEET"
D38999/20FF35PN,connector,"CONNECTOR, RECEPTACLE, WALL MOUNT, D38999 SERIES III, SHELL 19, 66 PIN SIZE 22D, ELECTROLESS NICKEL",,,,,,,,M39029/58-360,66,,"INSERT 19-35, N KEY. Contacts supplied separately. SAMPLE DATA - VERIFY AGAINST CURRENT SPEC SHEET"
D38999/20FG16SN,connector,"CONNECTOR, RECEPTACLE, WALL MOUNT, D38999 SERIES III, SHELL 21, 16 SKT SIZE 16, ELECTROLESS NICKEL",,,,,,,,M39029/56-352,16,,"INSERT 21-16, N KEY. Contacts supplied separately. SAMPLE DATA - VERIFY AGAINST CURRENT SPEC SHEET"
D38999/20FG16PN,connector,"CONNECTOR, RECEPTACLE, WALL MOUNT, D38999 SERIES III, SHELL 21, 16 PIN SIZE 16, ELECTROLESS NICKEL",,,,,,,,M39029/58-364,16,,"INSERT 21-16, N KEY. Contacts supplied separately. SAMPLE DATA - VERIFY AGAINST CURRENT SPEC SHEET"
D38999/20FG35SN,connector,"CONNECTOR, RECEPTACLE, WALL MOUNT, D38999 SERIES III, SHELL 21, 79 SKT SIZE 22D, ELECTROLESS NICKEL",,,,,,,,M39029/56-348,79,,"INSERT 21-35, N KEY. Contacts supplied separately. SAMPLE DATA - VERIFY AGAINST CURRENT SPEC SHEET"
D38999/20FG35PN,connector,"CONNECTOR, RECEPTACLE, WALL MOUNT, D38999 SERIES III, SHELL 21, 79 PIN SIZE 22D, ELECTROLESS NICKEL",,,,,,,,M39029/58-360,79,,"INSERT 21-35, N KEY. Contacts supplied separately. SAMPLE DATA - VERIFY AGAINST CURRENT SPEC SHEET"
D38999/20FG41SN,connector,"CONNECTOR, RECEPTACLE, WALL MOUNT, D38999 SERIES III, SHELL 21, 41 SKT SIZE 20, ELECTROLESS NICKEL",,,,,,,,M39029/56-351,41,,"INSERT 21-41, N KEY. Contacts supplied separately. SAMPLE DATA - VERIFY AGAINST CURRENT SPEC SHEET"
D38999/20FG41PN,connector,"CONNECTOR, RECEPTACLE, WALL MOUNT, D38999 SERIES III, SHELL 21, 41 PIN SIZE 20, ELECTROLESS NICKEL",,,,,,,,M39029/58-363,41,,"INSERT 21-41, N KEY. Contacts supplied separately. SAMPLE DATA - VERIFY AGAINST CURRENT SPEC SHEET"
D38999/20FH21SN,connector,"CONNECTOR, RECEPTACLE, WALL MOUNT, D38999 SERIES III, SHELL 23, 21 SKT SIZE 16, ELECTROLESS NICKEL",,,,,,,,M39029/56-352,21,,"INSERT 23-21, N KEY. Contacts supplied separately. SAMPLE DATA - VERIFY AGAINST CURRENT SPEC SHEET"
D38999/20FH21PN,connector,"CONNECTOR, RECEPTACLE, WALL MOUNT, D38999 SERIES III, SHELL 23, 21 PIN SIZE 16, ELECTROLESS NICKEL",,,,,,,,M39029/58-364,21,,"INSERT 23-21, N KEY. Contacts supplied separately. SAMPLE DATA - VERIFY AGAINST CURRENT SPEC SHEET"
D38999/20FH35SN,connector,"CONNECTOR, RECEPTACLE, WALL MOUNT, D38999 SERIES III, SHELL 23, 100 SKT SIZE 22D, ELECTROLESS NICKEL",,,,,,,,M39029/56-348,100,,"INSERT 23-35, N KEY. Contacts supplied separately. SAMPLE DATA - VERIFY AGAINST CURRENT SPEC SHEET"
D38999/20FH35PN,connector,"CONNECTOR, RECEPTACLE, WALL MOUNT, D38999 SERIES III, SHELL 23, 100 PIN SIZE 22D, ELECTROLESS NICKEL",,,,,,,,M39029/58-360,100,,"INSERT 23-35, N KEY. Contacts supplied separately. SAMPLE DATA - VERIFY AGAINST CURRENT SPEC SHEET"
D38999/20FH53SN,connector,"CONNECTOR, RECEPTACLE, WALL MOUNT, D38999 SERIES III, SHELL 23, 53 SKT SIZE 20, ELECTROLESS NICKEL",,,,,,,,M39029/56-351,53,,"INSERT 23-53, N KEY. Contacts supplied separately. SAMPLE DATA - VERIFY AGAINST CURRENT SPEC SHEET"
D38999/20FH53PN,connector,"CONNECTOR, RECEPTACLE, WALL MOUNT, D38999 SERIES III, SHELL 23, 53 PIN SIZE 20, ELECTROLESS NICKEL",,,,,,,,M39029/58-363,53,,"INSERT 23-53, N KEY. Contacts supplied separately. SAMPLE DATA - VERIFY AGAINST CURRENT SPEC SHEET"
D38999/20FJ29SN,connector,"CONNECTOR, RECEPTACLE, WALL MOUNT, D38999 SERIES III, SHELL 25, 29 SKT SIZE 16, ELECTROLESS NICKEL",,,,,,,,M39029/56-352,29,,"INSERT 25-29, N KEY. Contacts supplied separately. SAMPLE DATA - VERIFY AGAINST CURRENT SPEC SHEET"
D38999/20FJ29PN,connector,"CONNECTOR, RECEPTACLE, WALL MOUNT, D38999 SERIES III, SHELL 25, 29 PIN SIZE 16, ELECTROLESS NICKEL",,,,,,,,M39029/58-364,29,,"INSERT 25-29, N KEY. Contacts supplied separately. SAMPLE DATA - VERIFY AGAINST CURRENT SPEC SHEET"
D38999/20FJ35SN,connector,"CONNECTOR, RECEPTACLE, WALL MOUNT, D38999 SERIES III, SHELL 25, 128 SKT SIZE 22D, ELECTROLESS NICKEL",,,,,,,,M39029/56-348,128,,"INSERT 25-35, N KEY. Contacts supplied separately. SAMPLE DATA - VERIFY AGAINST CURRENT SPEC SHEET"
D38999/20FJ35PN,connector,"CONNECTOR, RECEPTACLE, WALL MOUNT, D38999 SERIES III, SHELL 25, 128 PIN SIZE 22D, ELECTROLESS NICKEL",,,,,,,,M39029/58-360,128,,"INSERT 25-35, N KEY. Contacts supplied separately. SAMPLE DATA - VERIFY AGAINST CURRENT SPEC SHEET"
D38999/20FJ61SN,connector,"CONNECTOR, RECEPTACLE, WALL MOUNT, D38999 SERIES III, SHELL 25, 61 SKT SIZE 20, ELECTROLESS NICKEL",,,,,,,,M39029/56-351,61,,"INSERT 25-61, N KEY. Contacts supplied separately. SAMPLE DATA - VERIFY AGAINST CURRENT SPEC SHEET"
D38999/20FJ61PN,connector,"CONNECTOR, RECEPTACLE, WALL MOUNT, D38999 SERIES III, SHELL 25, 61 PIN SIZE 20, ELECTROLESS NICKEL",,,,,,,,M39029/58-363,61,,"INSERT 25-61, N KEY. Contacts supplied separately. SAMPLE DATA - VERIFY AGAINST CURRENT SPEC SHEET"
D38999/20WA35SN,connector,"CONNECTOR, RECEPTACLE, WALL MOUNT, D38999 SERIES III, SHELL 9, 6 SKT SIZE 22D, OLIVE DRAB CADMIUM",,,,,,,,M39029/56-348,6,,"CADMIUM FINISH: CHECK HAZARDOUS-MATERIAL RESTRICTIONS. INSERT 9-35, N KEY. Contacts supplied separately. SAMPLE DATA - VERIFY AGAINST CURRENT SPEC SHEET"
D38999/20WA35PN,connector,"CONNECTOR, RECEPTACLE, WALL MOUNT, D38999 SERIES III, SHELL 9, 6 PIN SIZE 22D, OLIVE DRAB CADMIUM",,,,,,,,M39029/58-360,6,,"CADMIUM FINISH: CHECK HAZARDOUS-MATERIAL RESTRICTIONS. INSERT 9-35, N KEY. Contacts supplied separately. SAMPLE DATA - VERIFY AGAINST CURRENT SPEC SHEET"
D38999/20WA98SN,connector,"CONNECTOR, RECEPTACLE, WALL MOUNT, D38999 SERIES III, SHELL 9, 3 SKT SIZE 20, OLIVE DRAB CADMIUM",,,,,,,,M39029/56-351,3,,"CADMIUM FINISH: CHECK HAZARDOUS-MATERIAL RESTRICTIONS. INSERT 9-98, N KEY. Contacts supplied separately. SAMPLE DATA - VERIFY AGAINST CURRENT SPEC SHEET"
D38999/20WA98PN,connector,"CONNECTOR, RECEPTACLE, WALL MOUNT, D38999 SERIES III, SHELL 9, 3 PIN SIZE 20, OLIVE DRAB CADMIUM",,,,,,,,M39029/58-363,3,,"CADMIUM FINISH: CHECK HAZARDOUS-MATERIAL RESTRICTIONS. INSERT 9-98, N KEY. Contacts supplied separately. SAMPLE DATA - VERIFY AGAINST CURRENT SPEC SHEET"
D38999/20WB35SN,connector,"CONNECTOR, RECEPTACLE, WALL MOUNT, D38999 SERIES III, SHELL 11, 13 SKT SIZE 22D, OLIVE DRAB CADMIUM",,,,,,,,M39029/56-348,13,,"CADMIUM FINISH: CHECK HAZARDOUS-MATERIAL RESTRICTIONS. INSERT 11-35, N KEY. Contacts supplied separately. SAMPLE DATA - VERIFY AGAINST CURRENT SPEC SHEET"
D38999/20WB35PN,connector,"CONNECTOR, RECEPTACLE, WALL MOUNT, D38999 SERIES III, SHELL 11, 13 PIN SIZE 22D, OLIVE DRAB CADMIUM",,,,,,,,M39029/58-360,13,,"CADMIUM FINISH: CHECK HAZARDOUS-MATERIAL RESTRICTIONS. INSERT 11-35, N KEY. Contacts supplied separately. SAMPLE DATA - VERIFY AGAINST CURRENT SPEC SHEET"
D38999/20WB98SN,connector,"CONNECTOR, RECEPTACLE, WALL MOUNT, D38999 SERIES III, SHELL 11, 6 SKT SIZE 20, OLIVE DRAB CADMIUM",,,,,,,,M39029/56-351,6,,"CADMIUM FINISH: CHECK HAZARDOUS-MATERIAL RESTRICTIONS. INSERT 11-98, N KEY. Contacts supplied separately. SAMPLE DATA - VERIFY AGAINST CURRENT SPEC SHEET"
D38999/20WB98PN,connector,"CONNECTOR, RECEPTACLE, WALL MOUNT, D38999 SERIES III, SHELL 11, 6 PIN SIZE 20, OLIVE DRAB CADMIUM",,,,,,,,M39029/58-363,6,,"CADMIUM FINISH: CHECK HAZARDOUS-MATERIAL RESTRICTIONS. INSERT 11-98, N KEY. Contacts supplied separately. SAMPLE DATA - VERIFY AGAINST CURRENT SPEC SHEET"
D38999/20WC04SN,connector,"CONNECTOR, RECEPTACLE, WALL MOUNT, D38999 SERIES III, SHELL 13, 4 SKT SIZE 16, OLIVE DRAB CADMIUM",,,,,,,,M39029/56-352,4,,"CADMIUM FINISH: CHECK HAZARDOUS-MATERIAL RESTRICTIONS. INSERT 13-04, N KEY. Contacts supplied separately. SAMPLE DATA - VERIFY AGAINST CURRENT SPEC SHEET"
D38999/20WC04PN,connector,"CONNECTOR, RECEPTACLE, WALL MOUNT, D38999 SERIES III, SHELL 13, 4 PIN SIZE 16, OLIVE DRAB CADMIUM",,,,,,,,M39029/58-364,4,,"CADMIUM FINISH: CHECK HAZARDOUS-MATERIAL RESTRICTIONS. INSERT 13-04, N KEY. Contacts supplied separately. SAMPLE DATA - VERIFY AGAINST CURRENT SPEC SHEET"
D38999/20WC35SN,connector,"CONNECTOR, RECEPTACLE, WALL MOUNT, D38999 SERIES III, SHELL 13, 22 SKT SIZE 22D, OLIVE DRAB CADMIUM",,,,,,,,M39029/56-348,22,,"CADMIUM FINISH: CHECK HAZARDOUS-MATERIAL RESTRICTIONS. INSERT 13-35, N KEY. Contacts supplied separately. SAMPLE DATA - VERIFY AGAINST CURRENT SPEC SHEET"
D38999/20WC35PN,connector,"CONNECTOR, RECEPTACLE, WALL MOUNT, D38999 SERIES III, SHELL 13, 22 PIN SIZE 22D, OLIVE DRAB CADMIUM",,,,,,,,M39029/58-360,22,,"CADMIUM FINISH: CHECK HAZARDOUS-MATERIAL RESTRICTIONS. INSERT 13-35, N KEY. Contacts supplied separately. SAMPLE DATA - VERIFY AGAINST CURRENT SPEC SHEET"
D38999/20WC98SN,connector,"CONNECTOR, RECEPTACLE, WALL MOUNT, D38999 SERIES III, SHELL 13, 10 SKT SIZE 20, OLIVE DRAB CADMIUM",,,,,,,,M39029/56-351,10,,"CADMIUM FINISH: CHECK HAZARDOUS-MATERIAL RESTRICTIONS. INSERT 13-98, N KEY. Contacts supplied separately. SAMPLE DATA - VERIFY AGAINST CURRENT SPEC SHEET"
D38999/20WC98PN,connector,"CONNECTOR, RECEPTACLE, WALL MOUNT, D38999 SERIES III, SHELL 13, 10 PIN SIZE 20, OLIVE DRAB CADMIUM",,,,,,,,M39029/58-363,10,,"CADMIUM FINISH: CHECK HAZARDOUS-MATERIAL RESTRICTIONS. INSERT 13-98, N KEY. Contacts supplied separately. SAMPLE DATA - VERIFY AGAINST CURRENT SPEC SHEET"
D38999/20WD05SN,connector,"CONNECTOR, RECEPTACLE, WALL MOUNT, D38999 SERIES III, SHELL 15, 5 SKT SIZE 16, OLIVE DRAB CADMIUM",,,,,,,,M39029/56-352,5,,"CADMIUM FINISH: CHECK HAZARDOUS-MATERIAL RESTRICTIONS. INSERT 15-05, N KEY. Contacts supplied separately. SAMPLE DATA - VERIFY AGAINST CURRENT SPEC SHEET"
D38999/20WD05PN,connector,"CONNECTOR, RECEPTACLE, WALL MOUNT, D38999 SERIES III, SHELL 15, 5 PIN SIZE 16, OLIVE DRAB CADMIUM",,,,,,,,M39029/58-364,5,,"CADMIUM FINISH: CHECK HAZARDOUS-MATERIAL RESTRICTIONS. INSERT 15-05, N KEY. Contacts supplied separately. SAMPLE DATA - VERIFY AGAINST CURRENT SPEC SHEET"
D38999/20WD18SN,connector,"CONNECTOR, RECEPTACLE, WALL MOUNT, D38999 SERIES III, SHELL 15, 18 SKT SIZE 20, OLIVE DRAB CADMIUM",,,,,,,,M39029/56-351,18,,"CADMIUM FINISH: CHECK HAZARDOUS-MATERIAL RESTRICTIONS. INSERT 15-18, N KEY. Contacts supplied separately. SAMPLE DATA - VERIFY AGAINST CURRENT SPEC SHEET"
D38999/20WD18PN,connector,"CONNECTOR, RECEPTACLE, WALL MOUNT, D38999 SERIES III, SHELL 15, 18 PIN SIZE 20, OLIVE DRAB CADMIUM",,,,,,,,M39029/58-363,18,,"CADMIUM FINISH: CHECK HAZARDOUS-MATERIAL RESTRICTIONS. INSERT 15-18, N KEY. Contacts supplied separately. SAMPLE DATA - VERIFY AGAINST CURRENT SPEC SHEET"
D38999/20WD19SN,connector,"CONNECTOR, RECEPTACLE, WALL MOUNT, D38999 SERIES III, SHELL 15, 19 SKT SIZE 20, OLIVE DRAB CADMIUM",,,,,,,,M39029/56-351,19,,"CADMIUM FINISH: CHECK HAZARDOUS-MATERIAL RESTRICTIONS. INSERT 15-19, N KEY. Contacts supplied separately. SAMPLE DATA - VERIFY AGAINST CURRENT SPEC SHEET"
D38999/20WD19PN,connector,"CONNECTOR, RECEPTACLE, WALL MOUNT, D38999 SERIES III, SHELL 15, 19 PIN SIZE 20, OLIVE DRAB CADMIUM",,,,,,,,M39029/58-363,19,,"CADMIUM FINISH: CHECK HAZARDOUS-MATERIAL RESTRICTIONS. INSERT 15-19, N KEY. Contacts supplied separately. SAMPLE DATA - VERIFY AGAINST CURRENT SPEC SHEET"
D38999/20WD35SN,connector,"CONNECTOR, RECEPTACLE, WALL MOUNT, D38999 SERIES III, SHELL 15, 37 SKT SIZE 22D, OLIVE DRAB CADMIUM",,,,,,,,M39029/56-348,37,,"CADMIUM FINISH: CHECK HAZARDOUS-MATERIAL RESTRICTIONS. INSERT 15-35, N KEY. Contacts supplied separately. SAMPLE DATA - VERIFY AGAINST CURRENT SPEC SHEET"
D38999/20WD35PN,connector,"CONNECTOR, RECEPTACLE, WALL MOUNT, D38999 SERIES III, SHELL 15, 37 PIN SIZE 22D, OLIVE DRAB CADMIUM",,,,,,,,M39029/58-360,37,,"CADMIUM FINISH: CHECK HAZARDOUS-MATERIAL RESTRICTIONS. INSERT 15-35, N KEY. Contacts supplied separately. SAMPLE DATA - VERIFY AGAINST CURRENT SPEC SHEET"
D38999/20WE08SN,connector,"CONNECTOR, RECEPTACLE, WALL MOUNT, D38999 SERIES III, SHELL 17, 8 SKT SIZE 16, OLIVE DRAB CADMIUM",,,,,,,,M39029/56-352,8,,"CADMIUM FINISH: CHECK HAZARDOUS-MATERIAL RESTRICTIONS. INSERT 17-08, N KEY. Contacts supplied separately. SAMPLE DATA - VERIFY AGAINST CURRENT SPEC SHEET"
D38999/20WE08PN,connector,"CONNECTOR, RECEPTACLE, WALL MOUNT, D38999 SERIES III, SHELL 17, 8 PIN SIZE 16, OLIVE DRAB CADMIUM",,,,,,,,M39029/58-364,8,,"CADMIUM FINISH: CHECK HAZARDOUS-MATERIAL RESTRICTIONS. INSERT 17-08, N KEY. Contacts supplied separately. SAMPLE DATA - VERIFY AGAINST CURRENT SPEC SHEET"
D38999/20WE26SN,connector,"CONNECTOR, RECEPTACLE, WALL MOUNT, D38999 SERIES III, SHELL 17, 26 SKT SIZE 20, OLIVE DRAB CADMIUM",,,,,,,,M39029/56-351,26,,"CADMIUM FINISH: CHECK HAZARDOUS-MATERIAL RESTRICTIONS. INSERT 17-26, N KEY. Contacts supplied separately. SAMPLE DATA - VERIFY AGAINST CURRENT SPEC SHEET"
D38999/20WE26PN,connector,"CONNECTOR, RECEPTACLE, WALL MOUNT, D38999 SERIES III, SHELL 17, 26 PIN SIZE 20, OLIVE DRAB CADMIUM",,,,,,,,M39029/58-363,26,,"CADMIUM FINISH: CHECK HAZARDOUS-MATERIAL RESTRICTIONS. INSERT 17-26, N KEY. Contacts supplied separately. SAMPLE DATA - VERIFY AGAINST CURRENT SPEC SHEET"
D38999/20WE35SN,connector,"CONNECTOR, RECEPTACLE, WALL MOUNT, D38999 SERIES III, SHELL 17, 55 SKT SIZE 22D, OLIVE DRAB CADMIUM",,,,,,,,M39029/56-348,55,,"CADMIUM FINISH: CHECK HAZARDOUS-MATERIAL RESTRICTIONS. INSERT 17-35, N KEY. Contacts supplied separately. SAMPLE DATA - VERIFY AGAINST CURRENT SPEC SHEET"
D38999/20WE35PN,connector,"CONNECTOR, RECEPTACLE, WALL MOUNT, D38999 SERIES III, SHELL 17, 55 PIN SIZE 22D, OLIVE DRAB CADMIUM",,,,,,,,M39029/58-360,55,,"CADMIUM FINISH: CHECK HAZARDOUS-MATERIAL RESTRICTIONS. INSERT 17-35, N KEY. Contacts supplied separately. SAMPLE DATA - VERIFY AGAINST CURRENT SPEC SHEET"
D38999/20WF11SN,connector,"CONNECTOR, RECEPTACLE, WALL MOUNT, D38999 SERIES III, SHELL 19, 11 SKT SIZE 16, OLIVE DRAB CADMIUM",,,,,,,,M39029/56-352,11,,"CADMIUM FINISH: CHECK HAZARDOUS-MATERIAL RESTRICTIONS. INSERT 19-11, N KEY. Contacts supplied separately. SAMPLE DATA - VERIFY AGAINST CURRENT SPEC SHEET"
D38999/20WF11PN,connector,"CONNECTOR, RECEPTACLE, WALL MOUNT, D38999 SERIES III, SHELL 19, 11 PIN SIZE 16, OLIVE DRAB CADMIUM",,,,,,,,M39029/58-364,11,,"CADMIUM FINISH: CHECK HAZARDOUS-MATERIAL RESTRICTIONS. INSERT 19-11, N KEY. Contacts supplied separately. SAMPLE DATA - VERIFY AGAINST CURRENT SPEC SHEET"
D38999/20WF32SN,connector,"CONNECTOR, RECEPTACLE, WALL MOUNT, D38999 SERIES III, SHELL 19, 32 SKT SIZE 20, OLIVE DRAB CADMIUM",,,,,,,,M39029/56-351,32,,"CADMIUM FINISH: CHECK HAZARDOUS-MATERIAL RESTRICTIONS. INSERT 19-32, N KEY. Contacts supplied separately. SAMPLE DATA - VERIFY AGAINST CURRENT SPEC SHEET"
D38999/20WF32PN,connector,"CONNECTOR, RECEPTACLE, WALL MOUNT, D38999 SERIES III, SHELL 19, 32 PIN SIZE 20, OLIVE DRAB CADMIUM",,,,,,,,M39029/58-363,32,,"CADMIUM FINISH: CHECK HAZARDOUS-MATERIAL RESTRICTIONS. INSERT 19-32, N KEY. Contacts supplied separately. SAMPLE DATA - VERIFY AGAINST CURRENT SPEC SHEET"
D38999/20WF35SN,connector,"CONNECTOR, RECEPTACLE, WALL MOUNT, D38999 SERIES III, SHELL 19, 66 SKT SIZE 22D, OLIVE DRAB CADMIUM",,,,,,,,M39029/56-348,66,,"CADMIUM FINISH: CHECK HAZARDOUS-MATERIAL RESTRICTIONS. INSERT 19-35, N KEY. Contacts supplied separately. SAMPLE DATA - VERIFY AGAINST CURRENT SPEC SHEET"
D38999/20WF35PN,connector,"CONNECTOR, RECEPTACLE, WALL MOUNT, D38999 SERIES III, SHELL 19, 66 PIN SIZE 22D, OLIVE DRAB CADMIUM",,,,,,,,M39029/58-360,66,,"CADMIUM FINISH: CHECK HAZARDOUS-MATERIAL RESTRICTIONS. INSERT 19-35, N KEY. Contacts supplied separately. SAMPLE DATA - VERIFY AGAINST CURRENT SPEC SHEET"
D38999/20WG16SN,connector,"CONNECTOR, RECEPTACLE, WALL MOUNT, D38999 SERIES III, SHELL 21, 16 SKT SIZE 16, OLIVE DRAB CADMIUM",,,,,,,,M39029/56-352,16,,"CADMIUM FINISH: CHECK HAZARDOUS-MATERIAL RESTRICTIONS. INSERT 21-16, N KEY. Contacts supplied separately. SAMPLE DATA - VERIFY AGAINST CURRENT SPEC SHEET"
D38999/20WG16PN,connector,"CONNECTOR, RECEPTACLE, WALL MOUNT, D38999 SERIES III, SHELL 21, 16 PIN SIZE 16, OLIVE DRAB CADMIUM",,,,,,,,M39029/58-364,16,,"CADMIUM FINISH: CHECK HAZARDOUS-MATERIAL RESTRICTIONS. INSERT 21-16, N KEY. Contacts supplied separately. SAMPLE DATA - VERIFY AGAINST CURRENT SPEC SHEET"
D38999/20WG35SN,connector,"CONNECTOR, RECEPTACLE, WALL MOUNT, D38999 SERIES III, SHELL 21, 79 SKT SIZE 22D, OLIVE DRAB CADMIUM",,,,,,,,M39029/56-348,79,,"CADMIUM FINISH: CHECK HAZARDOUS-MATERIAL RESTRICTIONS. INSERT 21-35, N KEY. Contacts supplied separately. SAMPLE DATA - VERIFY AGAINST CURRENT SPEC SHEET"
D38999/20WG35PN,connector,"CONNECTOR, RECEPTACLE, WALL MOUNT, D38999 SERIES III, SHELL 21, 79 PIN SIZE 22D, OLIVE DRAB CADMIUM",,,,,,,,M39029/58-360,79,,"CADMIUM FINISH: CHECK HAZARDOUS-MATERIAL RESTRICTIONS. INSERT 21-35, N KEY. Contacts supplied separately. SAMPLE DATA - VERIFY AGAINST CURRENT SPEC SHEET"
D38999/20WG41SN,connector,"CONNECTOR, RECEPTACLE, WALL MOUNT, D38999 SERIES III, SHELL 21, 41 SKT SIZE 20, OLIVE DRAB CADMIUM",,,,,,,,M39029/56-351,41,,"CADMIUM FINISH: CHECK HAZARDOUS-MATERIAL RESTRICTIONS. INSERT 21-41, N KEY. Contacts supplied separately. SAMPLE DATA - VERIFY AGAINST CURRENT SPEC SHEET"
D38999/20WG41PN,connector,"CONNECTOR, RECEPTACLE, WALL MOUNT, D38999 SERIES III, SHELL 21, 41 PIN SIZE 20, OLIVE DRAB CADMIUM",,,,,,,,M39029/58-363,41,,"CADMIUM FINISH: CHECK HAZARDOUS-MATERIAL RESTRICTIONS. INSERT 21-41, N KEY. Contacts supplied separately. SAMPLE DATA - VERIFY AGAINST CURRENT SPEC SHEET"
D38999/20WH21SN,connector,"CONNECTOR, RECEPTACLE, WALL MOUNT, D38999 SERIES III, SHELL 23, 21 SKT SIZE 16, OLIVE DRAB CADMIUM",,,,,,,,M39029/56-352,21,,"CADMIUM FINISH: CHECK HAZARDOUS-MATERIAL RESTRICTIONS. INSERT 23-21, N KEY. Contacts supplied separately. SAMPLE DATA - VERIFY AGAINST CURRENT SPEC SHEET"
D38999/20WH21PN,connector,"CONNECTOR, RECEPTACLE, WALL MOUNT, D38999 SERIES III, SHELL 23, 21 PIN SIZE 16, OLIVE DRAB CADMIUM",,,,,,,,M39029/58-364,21,,"CADMIUM FINISH: CHECK HAZARDOUS-MATERIAL RESTRICTIONS. INSERT 23-21, N KEY. Contacts supplied separately. SAMPLE DATA - VERIFY AGAINST CURRENT SPEC SHEET"
D38999/20WH35SN,connector,"CONNECTOR, RECEPTACLE, WALL MOUNT, D38999 SERIES III, SHELL 23, 100 SKT SIZE 22D, OLIVE DRAB CADMIUM",,,,,,,,M39029/56-348,100,,"CADMIUM FINISH: CHECK HAZARDOUS-MATERIAL RESTRICTIONS. INSERT 23-35, N KEY. Contacts supplied separately. SAMPLE DATA - VERIFY AGAINST CURRENT SPEC SHEET"
D38999/20WH35PN,connector,"CONNECTOR, RECEPTACLE, WALL MOUNT, D38999 SERIES III, SHELL 23, 100 PIN SIZE 22D, OLIVE DRAB CADMIUM",,,,,,,,M39029/58-360,100,,"CADMIUM FINISH: CHECK HAZARDOUS-MATERIAL RESTRICTIONS. INSERT 23-35, N KEY. Contacts supplied separately. SAMPLE DATA - VERIFY AGAINST CURRENT SPEC SHEET"
D38999/20WH53SN,connector,"CONNECTOR, RECEPTACLE, WALL MOUNT, D38999 SERIES III, SHELL 23, 53 SKT SIZE 20, OLIVE DRAB CADMIUM",,,,,,,,M39029/56-351,53,,"CADMIUM FINISH: CHECK HAZARDOUS-MATERIAL RESTRICTIONS. INSERT 23-53, N KEY. Contacts supplied separately. SAMPLE DATA - VERIFY AGAINST CURRENT SPEC SHEET"
D38999/20WH53PN,connector,"CONNECTOR, RECEPTACLE, WALL MOUNT, D38999 SERIES III, SHELL 23, 53 PIN SIZE 20, OLIVE DRAB CADMIUM",,,,,,,,M39029/58-363,53,,"CADMIUM FINISH: CHECK HAZARDOUS-MATERIAL RESTRICTIONS. INSERT 23-53, N KEY. Contacts supplied separately. SAMPLE DATA - VERIFY AGAINST CURRENT SPEC SHEET"
D38999/20WJ29SN,connector,"CONNECTOR, RECEPTACLE, WALL MOUNT, D38999 SERIES III, SHELL 25, 29 SKT SIZE 16, OLIVE DRAB CADMIUM",,,,,,,,M39029/56-352,29,,"CADMIUM FINISH: CHECK HAZARDOUS-MATERIAL RESTRICTIONS. INSERT 25-29, N KEY. Contacts supplied separately. SAMPLE DATA - VERIFY AGAINST CURRENT SPEC SHEET"
D38999/20WJ29PN,connector,"CONNECTOR, RECEPTACLE, WALL MOUNT, D38999 SERIES III, SHELL 25, 29 PIN SIZE 16, OLIVE DRAB CADMIUM",,,,,,,,M39029/58-364,29,,"CADMIUM FINISH: CHECK HAZARDOUS-MATERIAL RESTRICTIONS. INSERT 25-29, N KEY. Contacts supplied separately. SAMPLE DATA - VERIFY AGAINST CURRENT SPEC SHEET"
D38999/20WJ35SN,connector,"CONNECTOR, RECEPTACLE, WALL MOUNT, D38999 SERIES III, SHELL 25, 128 SKT SIZE 22D, OLIVE DRAB CADMIUM",,,,,,,,M39029/56-348,128,,"CADMIUM FINISH: CHECK HAZARDOUS-MATERIAL RESTRICTIONS. INSERT 25-35, N KEY. Contacts supplied separately. SAMPLE DATA - VERIFY AGAINST CURRENT SPEC SHEET"
D38999/20WJ35PN,connector,"CONNECTOR, RECEPTACLE, WALL MOUNT, D38999 SERIES III, SHELL 25, 128 PIN SIZE 22D, OLIVE DRAB CADMIUM",,,,,,,,M39029/58-360,128,,"CADMIUM FINISH: CHECK HAZARDOUS-MATERIAL RESTRICTIONS. INSERT 25-35, N KEY. Contacts supplied separately. SAMPLE DATA - VERIFY AGAINST CURRENT SPEC SHEET"
D38999/20WJ61SN,connector,"CONNECTOR, RECEPTACLE, WALL MOUNT, D38999 SERIES III, SHELL 25, 61 SKT SIZE 20, OLIVE DRAB CADMIUM",,,,,,,,M39029/56-351,61,,"CADMIUM FINISH: CHECK HAZARDOUS-MATERIAL RESTRICTIONS. INSERT 25-61, N KEY. Contacts supplied separately. SAMPLE DATA - VERIFY AGAINST CURRENT SPEC SHEET"
D38999/20WJ61PN,connector,"CONNECTOR, RECEPTACLE, WALL MOUNT, D38999 SERIES III, SHELL 25, 61 PIN SIZE 20, OLIVE DRAB CADMIUM",,,,,,,,M39029/58-363,61,,"CADMIUM FINISH: CHECK HAZARDOUS-MATERIAL RESTRICTIONS. INSERT 25-61, N KEY. Contacts supplied separately. SAMPLE DATA - VERIFY AGAINST CURRENT SPEC SHEET"
D38999/20ZA35SN,connector,"CONNECTOR, RECEPTACLE, WALL MOUNT, D38999 SERIES III, SHELL 9, 6 SKT SIZE 22D, BLACK ZINC NICKEL",,,,,,,,M39029/56-348,6,,"INSERT 9-35, N KEY. Contacts supplied separately. SAMPLE DATA - VERIFY AGAINST CURRENT SPEC SHEET"
D38999/20ZA35PN,connector,"CONNECTOR, RECEPTACLE, WALL MOUNT, D38999 SERIES III, SHELL 9, 6 PIN SIZE 22D, BLACK ZINC NICKEL",,,,,,,,M39029/58-360,6,,"INSERT 9-35, N KEY. Contacts supplied separately. SAMPLE DATA - VERIFY AGAINST CURRENT SPEC SHEET"
D38999/20ZA98SN,connector,"CONNECTOR, RECEPTACLE, WALL MOUNT, D38999 SERIES III, SHELL 9, 3 SKT SIZE 20, BLACK ZINC NICKEL",,,,,,,,M39029/56-351,3,,"INSERT 9-98, N KEY. Contacts supplied separately. SAMPLE DATA - VERIFY AGAINST CURRENT SPEC SHEET"
D38999/20ZA98PN,connector,"CONNECTOR, RECEPTACLE, WALL MOUNT, D38999 SERIES III, SHELL 9, 3 PIN SIZE 20, BLACK ZINC NICKEL",,,,,,,,M39029/58-363,3,,"INSERT 9-98, N KEY. Contacts supplied separately. SAMPLE DATA - VERIFY AGAINST CURRENT SPEC SHEET"
D38999/20ZB35SN,connector,"CONNECTOR, RECEPTACLE, WALL MOUNT, D38999 SERIES III, SHELL 11, 13 SKT SIZE 22D, BLACK ZINC NICKEL",,,,,,,,M39029/56-348,13,,"INSERT 11-35, N KEY. Contacts supplied separately. SAMPLE DATA - VERIFY AGAINST CURRENT SPEC SHEET"
D38999/20ZB35PN,connector,"CONNECTOR, RECEPTACLE, WALL MOUNT, D38999 SERIES III, SHELL 11, 13 PIN SIZE 22D, BLACK ZINC NICKEL",,,,,,,,M39029/58-360,13,,"INSERT 11-35, N KEY. Contacts supplied separately. SAMPLE DATA - VERIFY AGAINST CURRENT SPEC SHEET"
D38999/20ZB98SN,connector,"CONNECTOR, RECEPTACLE, WALL MOUNT, D38999 SERIES III, SHELL 11, 6 SKT SIZE 20, BLACK ZINC NICKEL",,,,,,,,M39029/56-351,6,,"INSERT 11-98, N KEY. Contacts supplied separately. SAMPLE DATA - VERIFY AGAINST CURRENT SPEC SHEET"
D38999/20ZB98PN,connector,"CONNECTOR, RECEPTACLE, WALL MOUNT, D38999 SERIES III, SHELL 11, 6 PIN SIZE 20, BLACK ZINC NICKEL",,,,,,,,M39029/58-363,6,,"INSERT 11-98, N KEY. Contacts supplied separately. SAMPLE DATA - VERIFY AGAINST CURRENT SPEC SHEET"
D38999/20ZC04SN,connector,"CONNECTOR, RECEPTACLE, WALL MOUNT, D38999 SERIES III, SHELL 13, 4 SKT SIZE 16, BLACK ZINC NICKEL",,,,,,,,M39029/56-352,4,,"INSERT 13-04, N KEY. Contacts supplied separately. SAMPLE DATA - VERIFY AGAINST CURRENT SPEC SHEET"
D38999/20ZC04PN,connector,"CONNECTOR, RECEPTACLE, WALL MOUNT, D38999 SERIES III, SHELL 13, 4 PIN SIZE 16, BLACK ZINC NICKEL",,,,,,,,M39029/58-364,4,,"INSERT 13-04, N KEY. Contacts supplied separately. SAMPLE DATA - VERIFY AGAINST CURRENT SPEC SHEET"
D38999/20ZC35SN,connector,"CONNECTOR, RECEPTACLE, WALL MOUNT, D38999 SERIES III, SHELL 13, 22 SKT SIZE 22D, BLACK ZINC NICKEL",,,,,,,,M39029/56-348,22,,"INSERT 13-35, N KEY. Contacts supplied separately. SAMPLE DATA - VERIFY AGAINST CURRENT SPEC SHEET"
D38999/20ZC35PN,connector,"CONNECTOR, RECEPTACLE, WALL MOUNT, D38999 SERIES III, SHELL 13, 22 PIN SIZE 22D, BLACK ZINC NICKEL",,,,,,,,M39029/58-360,22,,"INSERT 13-35, N KEY. Contacts supplied separately. SAMPLE DATA - VERIFY AGAINST CURRENT SPEC SHEET"
D38999/20ZC98SN,connector,"CONNECTOR, RECEPTACLE, WALL MOUNT, D38999 SERIES III, SHELL 13, 10 SKT SIZE 20, BLACK ZINC NICKEL",,,,,,,,M39029/56-351,10,,"INSERT 13-98, N KEY. Contacts supplied separately. SAMPLE DATA - VERIFY AGAINST CURRENT SPEC SHEET"
D38999/20ZC98PN,connector,"CONNECTOR, RECEPTACLE, WALL MOUNT, D38999 SERIES III, SHELL 13, 10 PIN SIZE 20, BLACK ZINC NICKEL",,,,,,,,M39029/58-363,10,,"INSERT 13-98, N KEY. Contacts supplied separately. SAMPLE DATA - VERIFY AGAINST CURRENT SPEC SHEET"
D38999/20ZD05SN,connector,"CONNECTOR, RECEPTACLE, WALL MOUNT, D38999 SERIES III, SHELL 15, 5 SKT SIZE 16, BLACK ZINC NICKEL",,,,,,,,M39029/56-352,5,,"INSERT 15-05, N KEY. Contacts supplied separately. SAMPLE DATA - VERIFY AGAINST CURRENT SPEC SHEET"
D38999/20ZD05PN,connector,"CONNECTOR, RECEPTACLE, WALL MOUNT, D38999 SERIES III, SHELL 15, 5 PIN SIZE 16, BLACK ZINC NICKEL",,,,,,,,M39029/58-364,5,,"INSERT 15-05, N KEY. Contacts supplied separately. SAMPLE DATA - VERIFY AGAINST CURRENT SPEC SHEET"
D38999/20ZD18SN,connector,"CONNECTOR, RECEPTACLE, WALL MOUNT, D38999 SERIES III, SHELL 15, 18 SKT SIZE 20, BLACK ZINC NICKEL",,,,,,,,M39029/56-351,18,,"INSERT 15-18, N KEY. Contacts supplied separately. SAMPLE DATA - VERIFY AGAINST CURRENT SPEC SHEET"
D38999/20ZD18PN,connector,"CONNECTOR, RECEPTACLE, WALL MOUNT, D38999 SERIES III, SHELL 15, 18 PIN SIZE 20, BLACK ZINC NICKEL",,,,,,,,M39029/58-363,18,,"INSERT 15-18, N KEY. Contacts supplied separately. SAMPLE DATA - VERIFY AGAINST CURRENT SPEC SHEET"
D38999/20ZD19SN,connector,"CONNECTOR, RECEPTACLE, WALL MOUNT, D38999 SERIES III, SHELL 15, 19 SKT SIZE 20, BLACK ZINC NICKEL",,,,,,,,M39029/56-351,19,,"INSERT 15-19, N KEY. Contacts supplied separately. SAMPLE DATA - VERIFY AGAINST CURRENT SPEC SHEET"
D38999/20ZD19PN,connector,"CONNECTOR, RECEPTACLE, WALL MOUNT, D38999 SERIES III, SHELL 15, 19 PIN SIZE 20, BLACK ZINC NICKEL",,,,,,,,M39029/58-363,19,,"INSERT 15-19, N KEY. Contacts supplied separately. SAMPLE DATA - VERIFY AGAINST CURRENT SPEC SHEET"
D38999/20ZD35SN,connector,"CONNECTOR, RECEPTACLE, WALL MOUNT, D38999 SERIES III, SHELL 15, 37 SKT SIZE 22D, BLACK ZINC NICKEL",,,,,,,,M39029/56-348,37,,"INSERT 15-35, N KEY. Contacts supplied separately. SAMPLE DATA - VERIFY AGAINST CURRENT SPEC SHEET"
D38999/20ZD35PN,connector,"CONNECTOR, RECEPTACLE, WALL MOUNT, D38999 SERIES III, SHELL 15, 37 PIN SIZE 22D, BLACK ZINC NICKEL",,,,,,,,M39029/58-360,37,,"INSERT 15-35, N KEY. Contacts supplied separately. SAMPLE DATA - VERIFY AGAINST CURRENT SPEC SHEET"
D38999/20ZE08SN,connector,"CONNECTOR, RECEPTACLE, WALL MOUNT, D38999 SERIES III, SHELL 17, 8 SKT SIZE 16, BLACK ZINC NICKEL",,,,,,,,M39029/56-352,8,,"INSERT 17-08, N KEY. Contacts supplied separately. SAMPLE DATA - VERIFY AGAINST CURRENT SPEC SHEET"
D38999/20ZE08PN,connector,"CONNECTOR, RECEPTACLE, WALL MOUNT, D38999 SERIES III, SHELL 17, 8 PIN SIZE 16, BLACK ZINC NICKEL",,,,,,,,M39029/58-364,8,,"INSERT 17-08, N KEY. Contacts supplied separately. SAMPLE DATA - VERIFY AGAINST CURRENT SPEC SHEET"
D38999/20ZE26SN,connector,"CONNECTOR, RECEPTACLE, WALL MOUNT, D38999 SERIES III, SHELL 17, 26 SKT SIZE 20, BLACK ZINC NICKEL",,,,,,,,M39029/56-351,26,,"INSERT 17-26, N KEY. Contacts supplied separately. SAMPLE DATA - VERIFY AGAINST CURRENT SPEC SHEET"
D38999/20ZE26PN,connector,"CONNECTOR, RECEPTACLE, WALL MOUNT, D38999 SERIES III, SHELL 17, 26 PIN SIZE 20, BLACK ZINC NICKEL",,,,,,,,M39029/58-363,26,,"INSERT 17-26, N KEY. Contacts supplied separately. SAMPLE DATA - VERIFY AGAINST CURRENT SPEC SHEET"
D38999/20ZE35SN,connector,"CONNECTOR, RECEPTACLE, WALL MOUNT, D38999 SERIES III, SHELL 17, 55 SKT SIZE 22D, BLACK ZINC NICKEL",,,,,,,,M39029/56-348,55,,"INSERT 17-35, N KEY. Contacts supplied separately. SAMPLE DATA - VERIFY AGAINST CURRENT SPEC SHEET"
D38999/20ZE35PN,connector,"CONNECTOR, RECEPTACLE, WALL MOUNT, D38999 SERIES III, SHELL 17, 55 PIN SIZE 22D, BLACK ZINC NICKEL",,,,,,,,M39029/58-360,55,,"INSERT 17-35, N KEY. Contacts supplied separately. SAMPLE DATA - VERIFY AGAINST CURRENT SPEC SHEET"
D38999/20ZF11SN,connector,"CONNECTOR, RECEPTACLE, WALL MOUNT, D38999 SERIES III, SHELL 19, 11 SKT SIZE 16, BLACK ZINC NICKEL",,,,,,,,M39029/56-352,11,,"INSERT 19-11, N KEY. Contacts supplied separately. SAMPLE DATA - VERIFY AGAINST CURRENT SPEC SHEET"
D38999/20ZF11PN,connector,"CONNECTOR, RECEPTACLE, WALL MOUNT, D38999 SERIES III, SHELL 19, 11 PIN SIZE 16, BLACK ZINC NICKEL",,,,,,,,M39029/58-364,11,,"INSERT 19-11, N KEY. Contacts supplied separately. SAMPLE DATA - VERIFY AGAINST CURRENT SPEC SHEET"
D38999/20ZF32SN,connector,"CONNECTOR, RECEPTACLE, WALL MOUNT, D38999 SERIES III, SHELL 19, 32 SKT SIZE 20, BLACK ZINC NICKEL",,,,,,,,M39029/56-351,32,,"INSERT 19-32, N KEY. Contacts supplied separately. SAMPLE DATA - VERIFY AGAINST CURRENT SPEC SHEET"
D38999/20ZF32PN,connector,"CONNECTOR, RECEPTACLE, WALL MOUNT, D38999 SERIES III, SHELL 19, 32 PIN SIZE 20, BLACK ZINC NICKEL",,,,,,,,M39029/58-363,32,,"INSERT 19-32, N KEY. Contacts supplied separately. SAMPLE DATA - VERIFY AGAINST CURRENT SPEC SHEET"
D38999/20ZF35SN,connector,"CONNECTOR, RECEPTACLE, WALL MOUNT, D38999 SERIES III, SHELL 19, 66 SKT SIZE 22D, BLACK ZINC NICKEL",,,,,,,,M39029/56-348,66,,"INSERT 19-35, N KEY. Contacts supplied separately. SAMPLE DATA - VERIFY AGAINST CURRENT SPEC SHEET"
D38999/20ZF35PN,connector,"CONNECTOR, RECEPTACLE, WALL MOUNT, D38999 SERIES III, SHELL 19, 66 PIN SIZE 22D, BLACK ZINC NICKEL",,,,,,,,M39029/58-360,66,,"INSERT 19-35, N KEY. Contacts supplied separately. SAMPLE DATA - VERIFY AGAINST CURRENT SPEC SHEET"
D38999/20ZG16SN,connector,"CONNECTOR, RECEPTACLE, WALL MOUNT, D38999 SERIES III, SHELL 21, 16 SKT SIZE 16, BLACK ZINC NICKEL",,,,,,,,M39029/56-352,16,,"INSERT 21-16, N KEY. Contacts supplied separately. SAMPLE DATA - VERIFY AGAINST CURRENT SPEC SHEET"
D38999/20ZG16PN,connector,"CONNECTOR, RECEPTACLE, WALL MOUNT, D38999 SERIES III, SHELL 21, 16 PIN SIZE 16, BLACK ZINC NICKEL",,,,,,,,M39029/58-364,16,,"INSERT 21-16, N KEY. Contacts supplied separately. SAMPLE DATA - VERIFY AGAINST CURRENT SPEC SHEET"
D38999/20ZG35SN,connector,"CONNECTOR, RECEPTACLE, WALL MOUNT, D38999 SERIES III, SHELL 21, 79 SKT SIZE 22D, BLACK ZINC NICKEL",,,,,,,,M39029/56-348,79,,"INSERT 21-35, N KEY. Contacts supplied separately. SAMPLE DATA - VERIFY AGAINST CURRENT SPEC SHEET"
D38999/20ZG35PN,connector,"CONNECTOR, RECEPTACLE, WALL MOUNT, D38999 SERIES III, SHELL 21, 79 PIN SIZE 22D, BLACK ZINC NICKEL",,,,,,,,M39029/58-360,79,,"INSERT 21-35, N KEY. Contacts supplied separately. SAMPLE DATA - VERIFY AGAINST CURRENT SPEC SHEET"
D38999/20ZG41SN,connector,"CONNECTOR, RECEPTACLE, WALL MOUNT, D38999 SERIES III, SHELL 21, 41 SKT SIZE 20, BLACK ZINC NICKEL",,,,,,,,M39029/56-351,41,,"INSERT 21-41, N KEY. Contacts supplied separately. SAMPLE DATA - VERIFY AGAINST CURRENT SPEC SHEET"
D38999/20ZG41PN,connector,"CONNECTOR, RECEPTACLE, WALL MOUNT, D38999 SERIES III, SHELL 21, 41 PIN SIZE 20, BLACK ZINC NICKEL",,,,,,,,M39029/58-363,41,,"INSERT 21-41, N KEY. Contacts supplied separately. SAMPLE DATA - VERIFY AGAINST CURRENT SPEC SHEET"
D38999/20ZH21SN,connector,"CONNECTOR, RECEPTACLE, WALL MOUNT, D38999 SERIES III, SHELL 23, 21 SKT SIZE 16, BLACK ZINC NICKEL",,,,,,,,M39029/56-352,21,,"INSERT 23-21, N KEY. Contacts supplied separately. SAMPLE DATA - VERIFY AGAINST CURRENT SPEC SHEET"
D38999/20ZH21PN,connector,"CONNECTOR, RECEPTACLE, WALL MOUNT, D38999 SERIES III, SHELL 23, 21 PIN SIZE 16, BLACK ZINC NICKEL",,,,,,,,M39029/58-364,21,,"INSERT 23-21, N KEY. Contacts supplied separately. SAMPLE DATA - VERIFY AGAINST CURRENT SPEC SHEET"
D38999/20ZH35SN,connector,"CONNECTOR, RECEPTACLE, WALL MOUNT, D38999 SERIES III, SHELL 23, 100 SKT SIZE 22D, BLACK ZINC NICKEL",,,,,,,,M39029/56-348,100,,"INSERT 23-35, N KEY. Contacts supplied separately. SAMPLE DATA - VERIFY AGAINST CURRENT SPEC SHEET"
D38999/20ZH35PN,connector,"CONNECTOR, RECEPTACLE, WALL MOUNT, D38999 SERIES III, SHELL 23, 100 PIN SIZE 22D, BLACK ZINC NICKEL",,,,,,,,M39029/58-360,100,,"INSERT 23-35, N KEY. Contacts supplied separately. SAMPLE DATA - VERIFY AGAINST CURRENT SPEC SHEET"
D38999/20ZH53SN,connector,"CONNECTOR, RECEPTACLE, WALL MOUNT, D38999 SERIES III, SHELL 23, 53 SKT SIZE 20, BLACK ZINC NICKEL",,,,,,,,M39029/56-351,53,,"INSERT 23-53, N KEY. Contacts supplied separately. SAMPLE DATA - VERIFY AGAINST CURRENT SPEC SHEET"
D38999/20ZH53PN,connector,"CONNECTOR, RECEPTACLE, WALL MOUNT, D38999 SERIES III, SHELL 23, 53 PIN SIZE 20, BLACK ZINC NICKEL",,,,,,,,M39029/58-363,53,,"INSERT 23-53, N KEY. Contacts supplied separately. SAMPLE DATA - VERIFY AGAINST CURRENT SPEC SHEET"
D38999/20ZJ29SN,connector,"CONNECTOR, RECEPTACLE, WALL MOUNT, D38999 SERIES III, SHELL 25, 29 SKT SIZE 16, BLACK ZINC NICKEL",,,,,,,,M39029/56-352,29,,"INSERT 25-29, N KEY. Contacts supplied separately. SAMPLE DATA - VERIFY AGAINST CURRENT SPEC SHEET"
D38999/20ZJ29PN,connector,"CONNECTOR, RECEPTACLE, WALL MOUNT, D38999 SERIES III, SHELL 25, 29 PIN SIZE 16, BLACK ZINC NICKEL",,,,,,,,M39029/58-364,29,,"INSERT 25-29, N KEY. Contacts supplied separately. SAMPLE DATA - VERIFY AGAINST CURRENT SPEC SHEET"
D38999/20ZJ35SN,connector,"CONNECTOR, RECEPTACLE, WALL MOUNT, D38999 SERIES III, SHELL 25, 128 SKT SIZE 22D, BLACK ZINC NICKEL",,,,,,,,M39029/56-348,128,,"INSERT 25-35, N KEY. Contacts supplied separately. SAMPLE DATA - VERIFY AGAINST CURRENT SPEC SHEET"
D38999/20ZJ35PN,connector,"CONNECTOR, RECEPTACLE, WALL MOUNT, D38999 SERIES III, SHELL 25, 128 PIN SIZE 22D, BLACK ZINC NICKEL",,,,,,,,M39029/58-360,128,,"INSERT 25-35, N KEY. Contacts supplied separately. SAMPLE DATA - VERIFY AGAINST CURRENT SPEC SHEET"
D38999/20ZJ61SN,connector,"CONNECTOR, RECEPTACLE, WALL MOUNT, D38999 SERIES III, SHELL 25, 61 SKT SIZE 20, BLACK ZINC NICKEL",,,,,,,,M39029/56-351,61,,"INSERT 25-61, N KEY. Contacts supplied separately. SAMPLE DATA - VERIFY AGAINST CURRENT SPEC SHEET"
D38999/20ZJ61PN,connector,"CONNECTOR, RECEPTACLE, WALL MOUNT, D38999 SERIES III, SHELL 25, 61 PIN SIZE 20, BLACK ZINC NICKEL",,,,,,,,M39029/58-363,61,,"INSERT 25-61, N KEY. Contacts supplied separately. SAMPLE DATA - VERIFY AGAINST CURRENT SPEC SHEET"
D38999/24FA35SN,connector,"CONNECTOR, RECEPTACLE, JAM NUT, D38999 SERIES III, SHELL 9, 6 SKT SIZE 22D, ELECTROLESS NICKEL",,,,,,,,M39029/56-348,6,,"INSERT 9-35, N KEY. Contacts supplied separately. SAMPLE DATA - VERIFY AGAINST CURRENT SPEC SHEET"
D38999/24FA35PN,connector,"CONNECTOR, RECEPTACLE, JAM NUT, D38999 SERIES III, SHELL 9, 6 PIN SIZE 22D, ELECTROLESS NICKEL",,,,,,,,M39029/58-360,6,,"INSERT 9-35, N KEY. Contacts supplied separately. SAMPLE DATA - VERIFY AGAINST CURRENT SPEC SHEET"
D38999/24FA98SN,connector,"CONNECTOR, RECEPTACLE, JAM NUT, D38999 SERIES III, SHELL 9, 3 SKT SIZE 20, ELECTROLESS NICKEL",,,,,,,,M39029/56-351,3,,"INSERT 9-98, N KEY. Contacts supplied separately. SAMPLE DATA - VERIFY AGAINST CURRENT SPEC SHEET"
D38999/24FA98PN,connector,"CONNECTOR, RECEPTACLE, JAM NUT, D38999 SERIES III, SHELL 9, 3 PIN SIZE 20, ELECTROLESS NICKEL",,,,,,,,M39029/58-363,3,,"INSERT 9-98, N KEY. Contacts supplied separately. SAMPLE DATA - VERIFY AGAINST CURRENT SPEC SHEET"
D38999/24FB35SN,connector,"CONNECTOR, RECEPTACLE, JAM NUT, D38999 SERIES III, SHELL 11, 13 SKT SIZE 22D, ELECTROLESS NICKEL",,,,,,,,M39029/56-348,13,,"INSERT 11-35, N KEY. Contacts supplied separately. SAMPLE DATA - VERIFY AGAINST CURRENT SPEC SHEET"
D38999/24FB35PN,connector,"CONNECTOR, RECEPTACLE, JAM NUT, D38999 SERIES III, SHELL 11, 13 PIN SIZE 22D, ELECTROLESS NICKEL",,,,,,,,M39029/58-360,13,,"INSERT 11-35, N KEY. Contacts supplied separately. SAMPLE DATA - VERIFY AGAINST CURRENT SPEC SHEET"
D38999/24FB98SN,connector,"CONNECTOR, RECEPTACLE, JAM NUT, D38999 SERIES III, SHELL 11, 6 SKT SIZE 20, ELECTROLESS NICKEL",,,,,,,,M39029/56-351,6,,"INSERT 11-98, N KEY. Contacts supplied separately. SAMPLE DATA - VERIFY AGAINST CURRENT SPEC SHEET"
D38999/24FB98PN,connector,"CONNECTOR, RECEPTACLE, JAM NUT, D38999 SERIES III, SHELL 11, 6 PIN SIZE 20, ELECTROLESS NICKEL",,,,,,,,M39029/58-363,6,,"INSERT 11-98, N KEY. Contacts supplied separately. SAMPLE DATA - VERIFY AGAINST CURRENT SPEC SHEET"
D38999/24FC04SN,connector,"CONNECTOR, RECEPTACLE, JAM NUT, D38999 SERIES III, SHELL 13, 4 SKT SIZE 16, ELECTROLESS NICKEL",,,,,,,,M39029/56-352,4,,"INSERT 13-04, N KEY. Contacts supplied separately. SAMPLE DATA - VERIFY AGAINST CURRENT SPEC SHEET"
D38999/24FC04PN,connector,"CONNECTOR, RECEPTACLE, JAM NUT, D38999 SERIES III, SHELL 13, 4 PIN SIZE 16, ELECTROLESS NICKEL",,,,,,,,M39029/58-364,4,,"INSERT 13-04, N KEY. Contacts supplied separately. SAMPLE DATA - VERIFY AGAINST CURRENT SPEC SHEET"
D38999/24FC35SN,connector,"CONNECTOR, RECEPTACLE, JAM NUT, D38999 SERIES III, SHELL 13, 22 SKT SIZE 22D, ELECTROLESS NICKEL",,,,,,,,M39029/56-348,22,,"INSERT 13-35, N KEY. Contacts supplied separately. SAMPLE DATA - VERIFY AGAINST CURRENT SPEC SHEET"
D38999/24FC35PN,connector,"CONNECTOR, RECEPTACLE, JAM NUT, D38999 SERIES III, SHELL 13, 22 PIN SIZE 22D, ELECTROLESS NICKEL",,,,,,,,M39029/58-360,22,,"INSERT 13-35, N KEY. Contacts supplied separately. SAMPLE DATA - VERIFY AGAINST CURRENT SPEC SHEET"
D38999/24FC98SN,connector,"CONNECTOR, RECEPTACLE, JAM NUT, D38999 SERIES III, SHELL 13, 10 SKT SIZE 20, ELECTROLESS NICKEL",,,,,,,,M39029/56-351,10,,"INSERT 13-98, N KEY. Contacts supplied separately. SAMPLE DATA - VERIFY AGAINST CURRENT SPEC SHEET"
D38999/24FC98PN,connector,"CONNECTOR, RECEPTACLE, JAM NUT, D38999 SERIES III, SHELL 13, 10 PIN SIZE 20, ELECTROLESS NICKEL",,,,,,,,M39029/58-363,10,,"INSERT 13-98, N KEY. Contacts supplied separately. SAMPLE DATA - VERIFY AGAINST CURRENT SPEC SHEET"
D38999/24FD05SN,connector,"CONNECTOR, RECEPTACLE, JAM NUT, D38999 SERIES III, SHELL 15, 5 SKT SIZE 16, ELECTROLESS NICKEL",,,,,,,,M39029/56-352,5,,"INSERT 15-05, N KEY. Contacts supplied separately. SAMPLE DATA - VERIFY AGAINST CURRENT SPEC SHEET"
D38999/24FD05PN,connector,"CONNECTOR, RECEPTACLE, JAM NUT, D38999 SERIES III, SHELL 15, 5 PIN SIZE 16, ELECTROLESS NICKEL",,,,,,,,M39029/58-364,5,,"INSERT 15-05, N KEY. Contacts supplied separately. SAMPLE DATA - VERIFY AGAINST CURRENT SPEC SHEET"
D38999/24FD18SN,connector,"CONNECTOR, RECEPTACLE, JAM NUT, D38999 SERIES III, SHELL 15, 18 SKT SIZE 20, ELECTROLESS NICKEL",,,,,,,,M39029/56-351,18,,"INSERT 15-18, N KEY. Contacts supplied separately. SAMPLE DATA - VERIFY AGAINST CURRENT SPEC SHEET"
D38999/24FD18PN,connector,"CONNECTOR, RECEPTACLE, JAM NUT, D38999 SERIES III, SHELL 15, 18 PIN SIZE 20, ELECTROLESS NICKEL",,,,,,,,M39029/58-363,18,,"INSERT 15-18, N KEY. Contacts supplied separately. SAMPLE DATA - VERIFY AGAINST CURRENT SPEC SHEET"
D38999/24FD19SN,connector,"CONNECTOR, RECEPTACLE, JAM NUT, D38999 SERIES III, SHELL 15, 19 SKT SIZE 20, ELECTROLESS NICKEL",,,,,,,,M39029/56-351,19,,"INSERT 15-19, N KEY. Contacts supplied separately. SAMPLE DATA - VERIFY AGAINST CURRENT SPEC SHEET"
D38999/24FD19PN,connector,"CONNECTOR, RECEPTACLE, JAM NUT, D38999 SERIES III, SHELL 15, 19 PIN SIZE 20, ELECTROLESS NICKEL",,,,,,,,M39029/58-363,19,,"INSERT 15-19, N KEY. Contacts supplied separately. SAMPLE DATA - VERIFY AGAINST CURRENT SPEC SHEET"
D38999/24FD35SN,connector,"CONNECTOR, RECEPTACLE, JAM NUT, D38999 SERIES III, SHELL 15, 37 SKT SIZE 22D, ELECTROLESS NICKEL",,,,,,,,M39029/56-348,37,,"INSERT 15-35, N KEY. Contacts supplied separately. SAMPLE DATA - VERIFY AGAINST CURRENT SPEC SHEET"
D38999/24FD35PN,connector,"CONNECTOR, RECEPTACLE, JAM NUT, D38999 SERIES III, SHELL 15, 37 PIN SIZE 22D, ELECTROLESS NICKEL",,,,,,,,M39029/58-360,37,,"INSERT 15-35, N KEY. Contacts supplied separately. SAMPLE DATA - VERIFY AGAINST CURRENT SPEC SHEET"
D38999/24FE08SN,connector,"CONNECTOR, RECEPTACLE, JAM NUT, D38999 SERIES III, SHELL 17, 8 SKT SIZE 16, ELECTROLESS NICKEL",,,,,,,,M39029/56-352,8,,"INSERT 17-08, N KEY. Contacts supplied separately. SAMPLE DATA - VERIFY AGAINST CURRENT SPEC SHEET"
D38999/24FE08PN,connector,"CONNECTOR, RECEPTACLE, JAM NUT, D38999 SERIES III, SHELL 17, 8 PIN SIZE 16, ELECTROLESS NICKEL",,,,,,,,M39029/58-364,8,,"INSERT 17-08, N KEY. Contacts supplied separately. SAMPLE DATA - VERIFY AGAINST CURRENT SPEC SHEET"
D38999/24FE26SN,connector,"CONNECTOR, RECEPTACLE, JAM NUT, D38999 SERIES III, SHELL 17, 26 SKT SIZE 20, ELECTROLESS NICKEL",,,,,,,,M39029/56-351,26,,"INSERT 17-26, N KEY. Contacts supplied separately. SAMPLE DATA - VERIFY AGAINST CURRENT SPEC SHEET"
D38999/24FE26PN,connector,"CONNECTOR, RECEPTACLE, JAM NUT, D38999 SERIES III, SHELL 17, 26 PIN SIZE 20, ELECTROLESS NICKEL",,,,,,,,M39029/58-363,26,,"INSERT 17-26, N KEY. Contacts supplied separately. SAMPLE DATA - VERIFY AGAINST CURRENT SPEC SHEET"
D38999/24FE35SN,connector,"CONNECTOR, RECEPTACLE, JAM NUT, D38999 SERIES III, SHELL 17, 55 SKT SIZE 22D, ELECTROLESS NICKEL",,,,,,,,M39029/56-348,55,,"INSERT 17-35, N KEY. Contacts supplied separately. SAMPLE DATA - VERIFY AGAINST CURRENT SPEC SHEET"
D38999/24FE35PN,connector,"CONNECTOR, RECEPTACLE, JAM NUT, D38999 SERIES III, SHELL 17, 55 PIN SIZE 22D, ELECTROLESS NICKEL",,,,,,,,M39029/58-360,55,,"INSERT 17-35, N KEY. Contacts supplied separately. SAMPLE DATA - VERIFY AGAINST CURRENT SPEC SHEET"
D38999/24FF11SN,connector,"CONNECTOR, RECEPTACLE, JAM NUT, D38999 SERIES III, SHELL 19, 11 SKT SIZE 16, ELECTROLESS NICKEL",,,,,,,,M39029/56-352,11,,"INSERT 19-11, N KEY. Contacts supplied separately. SAMPLE DATA - VERIFY AGAINST CURRENT SPEC SHEET"
D38999/24FF11PN,connector,"CONNECTOR, RECEPTACLE, JAM NUT, D38999 SERIES III, SHELL 19, 11 PIN SIZE 16, ELECTROLESS NICKEL",,,,,,,,M39029/58-364,11,,"INSERT 19-11, N KEY. Contacts supplied separately. SAMPLE DATA - VERIFY AGAINST CURRENT SPEC SHEET"
D38999/24FF32SN,connector,"CONNECTOR, RECEPTACLE, JAM NUT, D38999 SERIES III, SHELL 19, 32 SKT SIZE 20, ELECTROLESS NICKEL",,,,,,,,M39029/56-351,32,,"INSERT 19-32, N KEY. Contacts supplied separately. SAMPLE DATA - VERIFY AGAINST CURRENT SPEC SHEET"
D38999/24FF32PN,connector,"CONNECTOR, RECEPTACLE, JAM NUT, D38999 SERIES III, SHELL 19, 32 PIN SIZE 20, ELECTROLESS NICKEL",,,,,,,,M39029/58-363,32,,"INSERT 19-32, N KEY. Contacts supplied separately. SAMPLE DATA - VERIFY AGAINST CURRENT SPEC SHEET"
D38999/24FF35SN,connector,"CONNECTOR, RECEPTACLE, JAM NUT, D38999 SERIES III, SHELL 19, 66 SKT SIZE 22D, ELECTROLESS NICKEL",,,,,,,,M39029/56-348,66,,"INSERT 19-35, N KEY. Contacts supplied separately. SAMPLE DATA - VERIFY AGAINST CURRENT SPEC SHEET"
D38999/24FF35PN,connector,"CONNECTOR, RECEPTACLE, JAM NUT, D38999 SERIES III, SHELL 19, 66 PIN SIZE 22D, ELECTROLESS NICKEL",,,,,,,,M39029/58-360,66,,"INSERT 19-35, N KEY. Contacts supplied separately. SAMPLE DATA - VERIFY AGAINST CURRENT SPEC SHEET"
D38999/24FG16SN,connector,"CONNECTOR, RECEPTACLE, JAM NUT, D38999 SERIES III, SHELL 21, 16 SKT SIZE 16, ELECTROLESS NICKEL",,,,,,,,M39029/56-352,16,,"INSERT 21-16, N KEY. Contacts supplied separately. SAMPLE DATA - VERIFY AGAINST CURRENT SPEC SHEET"
D38999/24FG16PN,connector,"CONNECTOR, RECEPTACLE, JAM NUT, D38999 SERIES III, SHELL 21, 16 PIN SIZE 16, ELECTROLESS NICKEL",,,,,,,,M39029/58-364,16,,"INSERT 21-16, N KEY. Contacts supplied separately. SAMPLE DATA - VERIFY AGAINST CURRENT SPEC SHEET"
D38999/24FG35SN,connector,"CONNECTOR, RECEPTACLE, JAM NUT, D38999 SERIES III, SHELL 21, 79 SKT SIZE 22D, ELECTROLESS NICKEL",,,,,,,,M39029/56-348,79,,"INSERT 21-35, N KEY. Contacts supplied separately. SAMPLE DATA - VERIFY AGAINST CURRENT SPEC SHEET"
D38999/24FG35PN,connector,"CONNECTOR, RECEPTACLE, JAM NUT, D38999 SERIES III, SHELL 21, 79 PIN SIZE 22D, ELECTROLESS NICKEL",,,,,,,,M39029/58-360,79,,"INSERT 21-35, N KEY. Contacts supplied separately. SAMPLE DATA - VERIFY AGAINST CURRENT SPEC SHEET"
D38999/24FG41SN,connector,"CONNECTOR, RECEPTACLE, JAM NUT, D38999 SERIES III, SHELL 21, 41 SKT SIZE 20, ELECTROLESS NICKEL",,,,,,,,M39029/56-351,41,,"INSERT 21-41, N KEY. Contacts supplied separately. SAMPLE DATA - VERIFY AGAINST CURRENT SPEC SHEET"
D38999/24FG41PN,connector,"CONNECTOR, RECEPTACLE, JAM NUT, D38999 SERIES III, SHELL 21, 41 PIN SIZE 20, ELECTROLESS NICKEL",,,,,,,,M39029/58-363,41,,"INSERT 21-41, N KEY. Contacts supplied separately. SAMPLE DATA - VERIFY AGAINST CURRENT SPEC SHEET"
D38999/24FH21SN,connector,"CONNECTOR, RECEPTACLE, JAM NUT, D38999 SERIES III, SHELL 23, 21 SKT SIZE 16, ELECTROLESS NICKEL",,,,,,,,M39029/56-352,21,,"INSERT 23-21, N KEY. Contacts supplied separately. SAMPLE DATA - VERIFY AGAINST CURRENT SPEC SHEET"
D38999/24FH21PN,connector,"CONNECTOR, RECEPTACLE, JAM NUT, D38999 SERIES III, SHELL 23, 21 PIN SIZE 16, ELECTROLESS NICKEL",,,,,,,,M39029/58-364,21,,"INSERT 23-21, N KEY. Contacts supplied separately. SAMPLE DATA - VERIFY AGAINST CURRENT SPEC SHEET"
D38999/24FH35SN,connector,"CONNECTOR, RECEPTACLE, JAM NUT, D38999 SERIES III, SHELL 23, 100 SKT SIZE 22D, ELECTROLESS NICKEL",,,,,,,,M39029/56-348,100,,"INSERT 23-35, N KEY. Contacts supplied separately. SAMPLE DATA - VERIFY AGAINST CURRENT SPEC SHEET"
D38999/24FH35PN,connector,"CONNECTOR, RECEPTACLE, JAM NUT, D38999 SERIES III, SHELL 23, 100 PIN SIZE 22D, ELECTROLESS NICKEL",,,,,,,,M39029/58-360,100,,"INSERT 23-35, N KEY. Contacts supplied separately. SAMPLE DATA - VERIFY AGAINST CURRENT SPEC SHEET"
D38999/24FH53SN,connector,"CONNECTOR, RECEPTACLE, JAM NUT, D38999 SERIES III, SHELL 23, 53 SKT SIZE 20, ELECTROLESS NICKEL",,,,,,,,M39029/56-351,53,,"INSERT 23-53, N KEY. Contacts supplied separately. SAMPLE DATA - VERIFY AGAINST CURRENT SPEC SHEET"
D38999/24FH53PN,connector,"CONNECTOR, RECEPTACLE, JAM NUT, D38999 SERIES III, SHELL 23, 53 PIN SIZE 20, ELECTROLESS NICKEL",,,,,,,,M39029/58-363,53,,"INSERT 23-53, N KEY. Contacts supplied separately. SAMPLE DATA - VERIFY AGAINST CURRENT SPEC SHEET"
D38999/24FJ29SN,connector,"CONNECTOR, RECEPTACLE, JAM NUT, D38999 SERIES III, SHELL 25, 29 SKT SIZE 16, ELECTROLESS NICKEL",,,,,,,,M39029/56-352,29,,"INSERT 25-29, N KEY. Contacts supplied separately. SAMPLE DATA - VERIFY AGAINST CURRENT SPEC SHEET"
D38999/24FJ29PN,connector,"CONNECTOR, RECEPTACLE, JAM NUT, D38999 SERIES III, SHELL 25, 29 PIN SIZE 16, ELECTROLESS NICKEL",,,,,,,,M39029/58-364,29,,"INSERT 25-29, N KEY. Contacts supplied separately. SAMPLE DATA - VERIFY AGAINST CURRENT SPEC SHEET"
D38999/24FJ35SN,connector,"CONNECTOR, RECEPTACLE, JAM NUT, D38999 SERIES III, SHELL 25, 128 SKT SIZE 22D, ELECTROLESS NICKEL",,,,,,,,M39029/56-348,128,,"INSERT 25-35, N KEY. Contacts supplied separately. SAMPLE DATA - VERIFY AGAINST CURRENT SPEC SHEET"
D38999/24FJ35PN,connector,"CONNECTOR, RECEPTACLE, JAM NUT, D38999 SERIES III, SHELL 25, 128 PIN SIZE 22D, ELECTROLESS NICKEL",,,,,,,,M39029/58-360,128,,"INSERT 25-35, N KEY. Contacts supplied separately. SAMPLE DATA - VERIFY AGAINST CURRENT SPEC SHEET"
D38999/24FJ61SN,connector,"CONNECTOR, RECEPTACLE, JAM NUT, D38999 SERIES III, SHELL 25, 61 SKT SIZE 20, ELECTROLESS NICKEL",,,,,,,,M39029/56-351,61,,"INSERT 25-61, N KEY. Contacts supplied separately. SAMPLE DATA - VERIFY AGAINST CURRENT SPEC SHEET"
D38999/24FJ61PN,connector,"CONNECTOR, RECEPTACLE, JAM NUT, D38999 SERIES III, SHELL 25, 61 PIN SIZE 20, ELECTROLESS NICKEL",,,,,,,,M39029/58-363,61,,"INSERT 25-61, N KEY. Contacts supplied separately. SAMPLE DATA - VERIFY AGAINST CURRENT SPEC SHEET"
D38999/24WA35SN,connector,"CONNECTOR, RECEPTACLE, JAM NUT, D38999 SERIES III, SHELL 9, 6 SKT SIZE 22D, OLIVE DRAB CADMIUM",,,,,,,,M39029/56-348,6,,"CADMIUM FINISH: CHECK HAZARDOUS-MATERIAL RESTRICTIONS. INSERT 9-35, N KEY. Contacts supplied separately. SAMPLE DATA - VERIFY AGAINST CURRENT SPEC SHEET"
D38999/24WA35PN,connector,"CONNECTOR, RECEPTACLE, JAM NUT, D38999 SERIES III, SHELL 9, 6 PIN SIZE 22D, OLIVE DRAB CADMIUM",,,,,,,,M39029/58-360,6,,"CADMIUM FINISH: CHECK HAZARDOUS-MATERIAL RESTRICTIONS. INSERT 9-35, N KEY. Contacts supplied separately. SAMPLE DATA - VERIFY AGAINST CURRENT SPEC SHEET"
D38999/24WA98SN,connector,"CONNECTOR, RECEPTACLE, JAM NUT, D38999 SERIES III, SHELL 9, 3 SKT SIZE 20, OLIVE DRAB CADMIUM",,,,,,,,M39029/56-351,3,,"CADMIUM FINISH: CHECK HAZARDOUS-MATERIAL RESTRICTIONS. INSERT 9-98, N KEY. Contacts supplied separately. SAMPLE DATA - VERIFY AGAINST CURRENT SPEC SHEET"
D38999/24WA98PN,connector,"CONNECTOR, RECEPTACLE, JAM NUT, D38999 SERIES III, SHELL 9, 3 PIN SIZE 20, OLIVE DRAB CADMIUM",,,,,,,,M39029/58-363,3,,"CADMIUM FINISH: CHECK HAZARDOUS-MATERIAL RESTRICTIONS. INSERT 9-98, N KEY. Contacts supplied separately. SAMPLE DATA - VERIFY AGAINST CURRENT SPEC SHEET"
D38999/24WB35SN,connector,"CONNECTOR, RECEPTACLE, JAM NUT, D38999 SERIES III, SHELL 11, 13 SKT SIZE 22D, OLIVE DRAB CADMIUM",,,,,,,,M39029/56-348,13,,"CADMIUM FINISH: CHECK HAZARDOUS-MATERIAL RESTRICTIONS. INSERT 11-35, N KEY. Contacts supplied separately. SAMPLE DATA - VERIFY AGAINST CURRENT SPEC SHEET"
D38999/24WB35PN,connector,"CONNECTOR, RECEPTACLE, JAM NUT, D38999 SERIES III, SHELL 11, 13 PIN SIZE 22D, OLIVE DRAB CADMIUM",,,,,,,,M39029/58-360,13,,"CADMIUM FINISH: CHECK HAZARDOUS-MATERIAL RESTRICTIONS. INSERT 11-35, N KEY. Contacts supplied separately. SAMPLE DATA - VERIFY AGAINST CURRENT SPEC SHEET"
D38999/24WB98SN,connector,"CONNECTOR, RECEPTACLE, JAM NUT, D38999 SERIES III, SHELL 11, 6 SKT SIZE 20, OLIVE DRAB CADMIUM",,,,,,,,M39029/56-351,6,,"CADMIUM FINISH: CHECK HAZARDOUS-MATERIAL RESTRICTIONS. INSERT 11-98, N KEY. Contacts supplied separately. SAMPLE DATA - VERIFY AGAINST CURRENT SPEC SHEET"
D38999/24WB98PN,connector,"CONNECTOR, RECEPTACLE, JAM NUT, D38999 SERIES III, SHELL 11, 6 PIN SIZE 20, OLIVE DRAB CADMIUM",,,,,,,,M39029/58-363,6,,"CADMIUM FINISH: CHECK HAZARDOUS-MATERIAL RESTRICTIONS. INSERT 11-98, N KEY. Contacts supplied separately. SAMPLE DATA - VERIFY AGAINST CURRENT SPEC SHEET"
D38999/24WC04SN,connector,"CONNECTOR, RECEPTACLE, JAM NUT, D38999 SERIES III, SHELL 13, 4 SKT SIZE 16, OLIVE DRAB CADMIUM",,,,,,,,M39029/56-352,4,,"CADMIUM FINISH: CHECK HAZARDOUS-MATERIAL RESTRICTIONS. INSERT 13-04, N KEY. Contacts supplied separately. SAMPLE DATA - VERIFY AGAINST CURRENT SPEC SHEET"
D38999/24WC04PN,connector,"CONNECTOR, RECEPTACLE, JAM NUT, D38999 SERIES III, SHELL 13, 4 PIN SIZE 16, OLIVE DRAB CADMIUM",,,,,,,,M39029/58-364,4,,"CADMIUM FINISH: CHECK HAZARDOUS-MATERIAL RESTRICTIONS. INSERT 13-04, N KEY. Contacts supplied separately. SAMPLE DATA - VERIFY AGAINST CURRENT SPEC SHEET"
D38999/24WC35SN,connector,"CONNECTOR, RECEPTACLE, JAM NUT, D38999 SERIES III, SHELL 13, 22 SKT SIZE 22D, OLIVE DRAB CADMIUM",,,,,,,,M39029/56-348,22,,"CADMIUM FINISH: CHECK HAZARDOUS-MATERIAL RESTRICTIONS. INSERT 13-35, N KEY. Contacts supplied separately. SAMPLE DATA - VERIFY AGAINST CURRENT SPEC SHEET"
D38999/24WC35PN,connector,"CONNECTOR, RECEPTACLE, JAM NUT, D38999 SERIES III, SHELL 13, 22 PIN SIZE 22D, OLIVE DRAB CADMIUM",,,,,,,,M39029/58-360,22,,"CADMIUM FINISH: CHECK HAZARDOUS-MATERIAL RESTRICTIONS. INSERT 13-35, N KEY. Contacts supplied separately. SAMPLE DATA - VERIFY AGAINST CURRENT SPEC SHEET"
D38999/24WC98SN,connector,"CONNECTOR, RECEPTACLE, JAM NUT, D38999 SERIES III, SHELL 13, 10 SKT SIZE 20, OLIVE DRAB CADMIUM",,,,,,,,M39029/56-351,10,,"CADMIUM FINISH: CHECK HAZARDOUS-MATERIAL RESTRICTIONS. INSERT 13-98, N KEY. Contacts supplied separately. SAMPLE DATA - VERIFY AGAINST CURRENT SPEC SHEET"
D38999/24WC98PN,connector,"CONNECTOR, RECEPTACLE, JAM NUT, D38999 SERIES III, SHELL 13, 10 PIN SIZE 20, OLIVE DRAB CADMIUM",,,,,,,,M39029/58-363,10,,"CADMIUM FINISH: CHECK HAZARDOUS-MATERIAL RESTRICTIONS. INSERT 13-98, N KEY. Contacts supplied separately. SAMPLE DATA - VERIFY AGAINST CURRENT SPEC SHEET"
D38999/24WD05SN,connector,"CONNECTOR, RECEPTACLE, JAM NUT, D38999 SERIES III, SHELL 15, 5 SKT SIZE 16, OLIVE DRAB CADMIUM",,,,,,,,M39029/56-352,5,,"CADMIUM FINISH: CHECK HAZARDOUS-MATERIAL RESTRICTIONS. INSERT 15-05, N KEY. Contacts supplied separately. SAMPLE DATA - VERIFY AGAINST CURRENT SPEC SHEET"
D38999/24WD05PN,connector,"CONNECTOR, RECEPTACLE, JAM NUT, D38999 SERIES III, SHELL 15, 5 PIN SIZE 16, OLIVE DRAB CADMIUM",,,,,,,,M39029/58-364,5,,"CADMIUM FINISH: CHECK HAZARDOUS-MATERIAL RESTRICTIONS. INSERT 15-05, N KEY. Contacts supplied separately. SAMPLE DATA - VERIFY AGAINST CURRENT SPEC SHEET"
D38999/24WD18SN,connector,"CONNECTOR, RECEPTACLE, JAM NUT, D38999 SERIES III, SHELL 15, 18 SKT SIZE 20, OLIVE DRAB CADMIUM",,,,,,,,M39029/56-351,18,,"CADMIUM FINISH: CHECK HAZARDOUS-MATERIAL RESTRICTIONS. INSERT 15-18, N KEY. Contacts supplied separately. SAMPLE DATA - VERIFY AGAINST CURRENT SPEC SHEET"
D38999/24WD18PN,connector,"CONNECTOR, RECEPTACLE, JAM NUT, D38999 SERIES III, SHELL 15, 18 PIN SIZE 20, OLIVE DRAB CADMIUM",,,,,,,,M39029/58-363,18,,"CADMIUM FINISH: CHECK HAZARDOUS-MATERIAL RESTRICTIONS. INSERT 15-18, N KEY. Contacts supplied separately. SAMPLE DATA - VERIFY AGAINST CURRENT SPEC SHEET"
D38999/24WD19SN,connector,"CONNECTOR, RECEPTACLE, JAM NUT, D38999 SERIES III, SHELL 15, 19 SKT SIZE 20, OLIVE DRAB CADMIUM",,,,,,,,M39029/56-351,19,,"CADMIUM FINISH: CHECK HAZARDOUS-MATERIAL RESTRICTIONS. INSERT 15-19, N KEY. Contacts supplied separately. SAMPLE DATA - VERIFY AGAINST CURRENT SPEC SHEET"
D38999/24WD19PN,connector,"CONNECTOR, RECEPTACLE, JAM NUT, D38999 SERIES III, SHELL 15, 19 PIN SIZE 20, OLIVE DRAB CADMIUM",,,,,,,,M39029/58-363,19,,"CADMIUM FINISH: CHECK HAZARDOUS-MATERIAL RESTRICTIONS. INSERT 15-19, N KEY. Contacts supplied separately. SAMPLE DATA - VERIFY AGAINST CURRENT SPEC SHEET"
D38999/24WD35SN,connector,"CONNECTOR, RECEPTACLE, JAM NUT, D38999 SERIES III, SHELL 15, 37 SKT SIZE 22D, OLIVE DRAB CADMIUM",,,,,,,,M39029/56-348,37,,"CADMIUM FINISH: CHECK HAZARDOUS-MATERIAL RESTRICTIONS. INSERT 15-35, N KEY. Contacts supplied separately. SAMPLE DATA - VERIFY AGAINST CURRENT SPEC SHEET"
D38999/24WD35PN,connector,"CONNECTOR, RECEPTACLE, JAM NUT, D38999 SERIES III, SHELL 15, 37 PIN SIZE 22D, OLIVE DRAB CADMIUM",,,,,,,,M39029/58-360,37,,"CADMIUM FINISH: CHECK HAZARDOUS-MATERIAL RESTRICTIONS. INSERT 15-35, N KEY. Contacts supplied separately. SAMPLE DATA - VERIFY AGAINST CURRENT SPEC SHEET"
D38999/24WE08SN,connector,"CONNECTOR, RECEPTACLE, JAM NUT, D38999 SERIES III, SHELL 17, 8 SKT SIZE 16, OLIVE DRAB CADMIUM",,,,,,,,M39029/56-352,8,,"CADMIUM FINISH: CHECK HAZARDOUS-MATERIAL RESTRICTIONS. INSERT 17-08, N KEY. Contacts supplied separately. SAMPLE DATA - VERIFY AGAINST CURRENT SPEC SHEET"
D38999/24WE08PN,connector,"CONNECTOR, RECEPTACLE, JAM NUT, D38999 SERIES III, SHELL 17, 8 PIN SIZE 16, OLIVE DRAB CADMIUM",,,,,,,,M39029/58-364,8,,"CADMIUM FINISH: CHECK HAZARDOUS-MATERIAL RESTRICTIONS. INSERT 17-08, N KEY. Contacts supplied separately. SAMPLE DATA - VERIFY AGAINST CURRENT SPEC SHEET"
D38999/24WE26SN,connector,"CONNECTOR, RECEPTACLE, JAM NUT, D38999 SERIES III, SHELL 17, 26 SKT SIZE 20, OLIVE DRAB CADMIUM",,,,,,,,M39029/56-351,26,,"CADMIUM FINISH: CHECK HAZARDOUS-MATERIAL RESTRICTIONS. INSERT 17-26, N KEY. Contacts supplied separately. SAMPLE DATA - VERIFY AGAINST CURRENT SPEC SHEET"
D38999/24WE26PN,connector,"CONNECTOR, RECEPTACLE, JAM NUT, D38999 SERIES III, SHELL 17, 26 PIN SIZE 20, OLIVE DRAB CADMIUM",,,,,,,,M39029/58-363,26,,"CADMIUM FINISH: CHECK HAZARDOUS-MATERIAL RESTRICTIONS. INSERT 17-26, N KEY. Contacts supplied separately. SAMPLE DATA - VERIFY AGAINST CURRENT SPEC SHEET"
D38999/24WE35SN,connector,"CONNECTOR, RECEPTACLE, JAM NUT, D38999 SERIES III, SHELL 17, 55 SKT SIZE 22D, OLIVE DRAB CADMIUM",,,,,,,,M39029/56-348,55,,"CADMIUM FINISH: CHECK HAZARDOUS-MATERIAL RESTRICTIONS. INSERT 17-35, N KEY. Contacts supplied separately. SAMPLE DATA - VERIFY AGAINST CURRENT SPEC SHEET"
D38999/24WE35PN,connector,"CONNECTOR, RECEPTACLE, JAM NUT, D38999 SERIES III, SHELL 17, 55 PIN SIZE 22D, OLIVE DRAB CADMIUM",,,,,,,,M39029/58-360,55,,"CADMIUM FINISH: CHECK HAZARDOUS-MATERIAL RESTRICTIONS. INSERT 17-35, N KEY. Contacts supplied separately. SAMPLE DATA - VERIFY AGAINST CURRENT SPEC SHEET"
D38999/24WF11SN,connector,"CONNECTOR, RECEPTACLE, JAM NUT, D38999 SERIES III, SHELL 19, 11 SKT SIZE 16, OLIVE DRAB CADMIUM",,,,,,,,M39029/56-352,11,,"CADMIUM FINISH: CHECK HAZARDOUS-MATERIAL RESTRICTIONS. INSERT 19-11, N KEY. Contacts supplied separately. SAMPLE DATA - VERIFY AGAINST CURRENT SPEC SHEET"
D38999/24WF11PN,connector,"CONNECTOR, RECEPTACLE, JAM NUT, D38999 SERIES III, SHELL 19, 11 PIN SIZE 16, OLIVE DRAB CADMIUM",,,,,,,,M39029/58-364,11,,"CADMIUM FINISH: CHECK HAZARDOUS-MATERIAL RESTRICTIONS. INSERT 19-11, N KEY. Contacts supplied separately. SAMPLE DATA - VERIFY AGAINST CURRENT SPEC SHEET"
D38999/24WF32SN,connector,"CONNECTOR, RECEPTACLE, JAM NUT, D38999 SERIES III, SHELL 19, 32 SKT SIZE 20, OLIVE DRAB CADMIUM",,,,,,,,M39029/56-351,32,,"CADMIUM FINISH: CHECK HAZARDOUS-MATERIAL RESTRICTIONS. INSERT 19-32, N KEY. Contacts supplied separately. SAMPLE DATA - VERIFY AGAINST CURRENT SPEC SHEET"
D38999/24WF32PN,connector,"CONNECTOR, RECEPTACLE, JAM NUT, D38999 SERIES III, SHELL 19, 32 PIN SIZE 20, OLIVE DRAB CADMIUM",,,,,,,,M39029/58-363,32,,"CADMIUM FINISH: CHECK HAZARDOUS-MATERIAL RESTRICTIONS. INSERT 19-32, N KEY. Contacts supplied separately. SAMPLE DATA - VERIFY AGAINST CURRENT SPEC SHEET"
D38999/24WF35SN,connector,"CONNECTOR, RECEPTACLE, JAM NUT, D38999 SERIES III, SHELL 19, 66 SKT SIZE 22D, OLIVE DRAB CADMIUM",,,,,,,,M39029/56-348,66,,"CADMIUM FINISH: CHECK HAZARDOUS-MATERIAL RESTRICTIONS. INSERT 19-35, N KEY. Contacts supplied separately. SAMPLE DATA - VERIFY AGAINST CURRENT SPEC SHEET"
D38999/24WF35PN,connector,"CONNECTOR, RECEPTACLE, JAM NUT, D38999 SERIES III, SHELL 19, 66 PIN SIZE 22D, OLIVE DRAB CADMIUM",,,,,,,,M39029/58-360,66,,"CADMIUM FINISH: CHECK HAZARDOUS-MATERIAL RESTRICTIONS. INSERT 19-35, N KEY. Contacts supplied separately. SAMPLE DATA - VERIFY AGAINST CURRENT SPEC SHEET"
D38999/24WG16SN,connector,"CONNECTOR, RECEPTACLE, JAM NUT, D38999 SERIES III, SHELL 21, 16 SKT SIZE 16, OLIVE DRAB CADMIUM",,,,,,,,M39029/56-352,16,,"CADMIUM FINISH: CHECK HAZARDOUS-MATERIAL RESTRICTIONS. INSERT 21-16, N KEY. Contacts supplied separately. SAMPLE DATA - VERIFY AGAINST CURRENT SPEC SHEET"
D38999/24WG16PN,connector,"CONNECTOR, RECEPTACLE, JAM NUT, D38999 SERIES III, SHELL 21, 16 PIN SIZE 16, OLIVE DRAB CADMIUM",,,,,,,,M39029/58-364,16,,"CADMIUM FINISH: CHECK HAZARDOUS-MATERIAL RESTRICTIONS. INSERT 21-16, N KEY. Contacts supplied separately. SAMPLE DATA - VERIFY AGAINST CURRENT SPEC SHEET"
D38999/24WG35SN,connector,"CONNECTOR, RECEPTACLE, JAM NUT, D38999 SERIES III, SHELL 21, 79 SKT SIZE 22D, OLIVE DRAB CADMIUM",,,,,,,,M39029/56-348,79,,"CADMIUM FINISH: CHECK HAZARDOUS-MATERIAL RESTRICTIONS. INSERT 21-35, N KEY. Contacts supplied separately. SAMPLE DATA - VERIFY AGAINST CURRENT SPEC SHEET"
D38999/24WG35PN,connector,"CONNECTOR, RECEPTACLE, JAM NUT, D38999 SERIES III, SHELL 21, 79 PIN SIZE 22D, OLIVE DRAB CADMIUM",,,,,,,,M39029/58-360,79,,"CADMIUM FINISH: CHECK HAZARDOUS-MATERIAL RESTRICTIONS. INSERT 21-35, N KEY. Contacts supplied separately. SAMPLE DATA - VERIFY AGAINST CURRENT SPEC SHEET"
D38999/24WG41SN,connector,"CONNECTOR, RECEPTACLE, JAM NUT, D38999 SERIES III, SHELL 21, 41 SKT SIZE 20, OLIVE DRAB CADMIUM",,,,,,,,M39029/56-351,41,,"CADMIUM FINISH: CHECK HAZARDOUS-MATERIAL RESTRICTIONS. INSERT 21-41, N KEY. Contacts supplied separately. SAMPLE DATA - VERIFY AGAINST CURRENT SPEC SHEET"
D38999/24WG41PN,connector,"CONNECTOR, RECEPTACLE, JAM NUT, D38999 SERIES III, SHELL 21, 41 PIN SIZE 20, OLIVE DRAB CADMIUM",,,,,,,,M39029/58-363,41,,"CADMIUM FINISH: CHECK HAZARDOUS-MATERIAL RESTRICTIONS. INSERT 21-41, N KEY. Contacts supplied separately. SAMPLE DATA - VERIFY AGAINST CURRENT SPEC SHEET"
D38999/24WH21SN,connector,"CONNECTOR, RECEPTACLE, JAM NUT, D38999 SERIES III, SHELL 23, 21 SKT SIZE 16, OLIVE DRAB CADMIUM",,,,,,,,M39029/56-352,21,,"CADMIUM FINISH: CHECK HAZARDOUS-MATERIAL RESTRICTIONS. INSERT 23-21, N KEY. Contacts supplied separately. SAMPLE DATA - VERIFY AGAINST CURRENT SPEC SHEET"
D38999/24WH21PN,connector,"CONNECTOR, RECEPTACLE, JAM NUT, D38999 SERIES III, SHELL 23, 21 PIN SIZE 16, OLIVE DRAB CADMIUM",,,,,,,,M39029/58-364,21,,"CADMIUM FINISH: CHECK HAZARDOUS-MATERIAL RESTRICTIONS. INSERT 23-21, N KEY. Contacts supplied separately. SAMPLE DATA - VERIFY AGAINST CURRENT SPEC SHEET"
D38999/24WH35SN,connector,"CONNECTOR, RECEPTACLE, JAM NUT, D38999 SERIES III, SHELL 23, 100 SKT SIZE 22D, OLIVE DRAB CADMIUM",,,,,,,,M39029/56-348,100,,"CADMIUM FINISH: CHECK HAZARDOUS-MATERIAL RESTRICTIONS. INSERT 23-35, N KEY. Contacts supplied separately. SAMPLE DATA - VERIFY AGAINST CURRENT SPEC SHEET"
D38999/24WH35PN,connector,"CONNECTOR, RECEPTACLE, JAM NUT, D38999 SERIES III, SHELL 23, 100 PIN SIZE 22D, OLIVE DRAB CADMIUM",,,,,,,,M39029/58-360,100,,"CADMIUM FINISH: CHECK HAZARDOUS-MATERIAL RESTRICTIONS. INSERT 23-35, N KEY. Contacts supplied separately. SAMPLE DATA - VERIFY AGAINST CURRENT SPEC SHEET"
D38999/24WH53SN,connector,"CONNECTOR, RECEPTACLE, JAM NUT, D38999 SERIES III, SHELL 23, 53 SKT SIZE 20, OLIVE DRAB CADMIUM",,,,,,,,M39029/56-351,53,,"CADMIUM FINISH: CHECK HAZARDOUS-MATERIAL RESTRICTIONS. INSERT 23-53, N KEY. Contacts supplied separately. SAMPLE DATA - VERIFY AGAINST CURRENT SPEC SHEET"
D38999/24WH53PN,connector,"CONNECTOR, RECEPTACLE, JAM NUT, D38999 SERIES III, SHELL 23, 53 PIN SIZE 20, OLIVE DRAB CADMIUM",,,,,,,,M39029/58-363,53,,"CADMIUM FINISH: CHECK HAZARDOUS-MATERIAL RESTRICTIONS. INSERT 23-53, N KEY. Contacts supplied separately. SAMPLE DATA - VERIFY AGAINST CURRENT SPEC SHEET"
D38999/24WJ29SN,connector,"CONNECTOR, RECEPTACLE, JAM NUT, D38999 SERIES III, SHELL 25, 29 SKT SIZE 16, OLIVE DRAB CADMIUM",,,,,,,,M39029/56-352,29,,"CADMIUM FINISH: CHECK HAZARDOUS-MATERIAL RESTRICTIONS. INSERT 25-29, N KEY. Contacts supplied separately. SAMPLE DATA - VERIFY AGAINST CURRENT SPEC SHEET"
D38999/24WJ29PN,connector,"CONNECTOR, RECEPTACLE, JAM NUT, D38999 SERIES III, SHELL 25, 29 PIN SIZE 16, OLIVE DRAB CADMIUM",,,,,,,,M39029/58-364,29,,"CADMIUM FINISH: CHECK HAZARDOUS-MATERIAL RESTRICTIONS. INSERT 25-29, N KEY. Contacts supplied separately. SAMPLE DATA - VERIFY AGAINST CURRENT SPEC SHEET"
D38999/24WJ35SN,connector,"CONNECTOR, RECEPTACLE, JAM NUT, D38999 SERIES III, SHELL 25, 128 SKT SIZE 22D, OLIVE DRAB CADMIUM",,,,,,,,M39029/56-348,128,,"CADMIUM FINISH: CHECK HAZARDOUS-MATERIAL RESTRICTIONS. INSERT 25-35, N KEY. Contacts supplied separately. SAMPLE DATA - VERIFY AGAINST CURRENT SPEC SHEET"
D38999/24WJ35PN,connector,"CONNECTOR, RECEPTACLE, JAM NUT, D38999 SERIES III, SHELL 25, 128 PIN SIZE 22D, OLIVE DRAB CADMIUM",,,,,,,,M39029/58-360,128,,"CADMIUM FINISH: CHECK HAZARDOUS-MATERIAL RESTRICTIONS. INSERT 25-35, N KEY. Contacts supplied separately. SAMPLE DATA - VERIFY AGAINST CURRENT SPEC SHEET"
D38999/24WJ61SN,connector,"CONNECTOR, RECEPTACLE, JAM NUT, D38999 SERIES III, SHELL 25, 61 SKT SIZE 20, OLIVE DRAB CADMIUM",,,,,,,,M39029/56-351,61,,"CADMIUM FINISH: CHECK HAZARDOUS-MATERIAL RESTRICTIONS. INSERT 25-61, N KEY. Contacts supplied separately. SAMPLE DATA - VERIFY AGAINST CURRENT SPEC SHEET"
D38999/24WJ61PN,connector,"CONNECTOR, RECEPTACLE, JAM NUT, D38999 SERIES III, SHELL 25, 61 PIN SIZE 20, OLIVE DRAB CADMIUM",,,,,,,,M39029/58-363,61,,"CADMIUM FINISH: CHECK HAZARDOUS-MATERIAL RESTRICTIONS. INSERT 25-61, N KEY. Contacts supplied separately. SAMPLE DATA - VERIFY AGAINST CURRENT SPEC SHEET"
D38999/24ZA35SN,connector,"CONNECTOR, RECEPTACLE, JAM NUT, D38999 SERIES III, SHELL 9, 6 SKT SIZE 22D, BLACK ZINC NICKEL",,,,,,,,M39029/56-348,6,,"INSERT 9-35, N KEY. Contacts supplied separately. SAMPLE DATA - VERIFY AGAINST CURRENT SPEC SHEET"
D38999/24ZA35PN,connector,"CONNECTOR, RECEPTACLE, JAM NUT, D38999 SERIES III, SHELL 9, 6 PIN SIZE 22D, BLACK ZINC NICKEL",,,,,,,,M39029/58-360,6,,"INSERT 9-35, N KEY. Contacts supplied separately. SAMPLE DATA - VERIFY AGAINST CURRENT SPEC SHEET"
D38999/24ZA98SN,connector,"CONNECTOR, RECEPTACLE, JAM NUT, D38999 SERIES III, SHELL 9, 3 SKT SIZE 20, BLACK ZINC NICKEL",,,,,,,,M39029/56-351,3,,"INSERT 9-98, N KEY. Contacts supplied separately. SAMPLE DATA - VERIFY AGAINST CURRENT SPEC SHEET"
D38999/24ZA98PN,connector,"CONNECTOR, RECEPTACLE, JAM NUT, D38999 SERIES III, SHELL 9, 3 PIN SIZE 20, BLACK ZINC NICKEL",,,,,,,,M39029/58-363,3,,"INSERT 9-98, N KEY. Contacts supplied separately. SAMPLE DATA - VERIFY AGAINST CURRENT SPEC SHEET"
D38999/24ZB35SN,connector,"CONNECTOR, RECEPTACLE, JAM NUT, D38999 SERIES III, SHELL 11, 13 SKT SIZE 22D, BLACK ZINC NICKEL",,,,,,,,M39029/56-348,13,,"INSERT 11-35, N KEY. Contacts supplied separately. SAMPLE DATA - VERIFY AGAINST CURRENT SPEC SHEET"
D38999/24ZB35PN,connector,"CONNECTOR, RECEPTACLE, JAM NUT, D38999 SERIES III, SHELL 11, 13 PIN SIZE 22D, BLACK ZINC NICKEL",,,,,,,,M39029/58-360,13,,"INSERT 11-35, N KEY. Contacts supplied separately. SAMPLE DATA - VERIFY AGAINST CURRENT SPEC SHEET"
D38999/24ZB98SN,connector,"CONNECTOR, RECEPTACLE, JAM NUT, D38999 SERIES III, SHELL 11, 6 SKT SIZE 20, BLACK ZINC NICKEL",,,,,,,,M39029/56-351,6,,"INSERT 11-98, N KEY. Contacts supplied separately. SAMPLE DATA - VERIFY AGAINST CURRENT SPEC SHEET"
D38999/24ZB98PN,connector,"CONNECTOR, RECEPTACLE, JAM NUT, D38999 SERIES III, SHELL 11, 6 PIN SIZE 20, BLACK ZINC NICKEL",,,,,,,,M39029/58-363,6,,"INSERT 11-98, N KEY. Contacts supplied separately. SAMPLE DATA - VERIFY AGAINST CURRENT SPEC SHEET"
D38999/24ZC04SN,connector,"CONNECTOR, RECEPTACLE, JAM NUT, D38999 SERIES III, SHELL 13, 4 SKT SIZE 16, BLACK ZINC NICKEL",,,,,,,,M39029/56-352,4,,"INSERT 13-04, N KEY. Contacts supplied separately. SAMPLE DATA - VERIFY AGAINST CURRENT SPEC SHEET"
D38999/24ZC04PN,connector,"CONNECTOR, RECEPTACLE, JAM NUT, D38999 SERIES III, SHELL 13, 4 PIN SIZE 16, BLACK ZINC NICKEL",,,,,,,,M39029/58-364,4,,"INSERT 13-04, N KEY. Contacts supplied separately. SAMPLE DATA - VERIFY AGAINST CURRENT SPEC SHEET"
D38999/24ZC35SN,connector,"CONNECTOR, RECEPTACLE, JAM NUT, D38999 SERIES III, SHELL 13, 22 SKT SIZE 22D, BLACK ZINC NICKEL",,,,,,,,M39029/56-348,22,,"INSERT 13-35, N KEY. Contacts supplied separately. SAMPLE DATA - VERIFY AGAINST CURRENT SPEC SHEET"
D38999/24ZC35PN,connector,"CONNECTOR, RECEPTACLE, JAM NUT, D38999 SERIES III, SHELL 13, 22 PIN SIZE 22D, BLACK ZINC NICKEL",,,,,,,,M39029/58-360,22,,"INSERT 13-35, N KEY. Contacts supplied separately. SAMPLE DATA - VERIFY AGAINST CURRENT SPEC SHEET"
D38999/24ZC98SN,connector,"CONNECTOR, RECEPTACLE, JAM NUT, D38999 SERIES III, SHELL 13, 10 SKT SIZE 20, BLACK ZINC NICKEL",,,,,,,,M39029/56-351,10,,"INSERT 13-98, N KEY. Contacts supplied separately. SAMPLE DATA - VERIFY AGAINST CURRENT SPEC SHEET"
D38999/24ZC98PN,connector,"CONNECTOR, RECEPTACLE, JAM NUT, D38999 SERIES III, SHELL 13, 10 PIN SIZE 20, BLACK ZINC NICKEL",,,,,,,,M39029/58-363,10,,"INSERT 13-98, N KEY. Contacts supplied separately. SAMPLE DATA - VERIFY AGAINST CURRENT SPEC SHEET"
D38999/24ZD05SN,connector,"CONNECTOR, RECEPTACLE, JAM NUT, D38999 SERIES III, SHELL 15, 5 SKT SIZE 16, BLACK ZINC NICKEL",,,,,,,,M39029/56-352,5,,"INSERT 15-05, N KEY. Contacts supplied separately. SAMPLE DATA - VERIFY AGAINST CURRENT SPEC SHEET"
D38999/24ZD05PN,connector,"CONNECTOR, RECEPTACLE, JAM NUT, D38999 SERIES III, SHELL 15, 5 PIN SIZE 16, BLACK ZINC NICKEL",,,,,,,,M39029/58-364,5,,"INSERT 15-05, N KEY. Contacts supplied separately. SAMPLE DATA - VERIFY AGAINST CURRENT SPEC SHEET"
D38999/24ZD18SN,connector,"CONNECTOR, RECEPTACLE, JAM NUT, D38999 SERIES III, SHELL 15, 18 SKT SIZE 20, BLACK ZINC NICKEL",,,,,,,,M39029/56-351,18,,"INSERT 15-18, N KEY. Contacts supplied separately. SAMPLE DATA - VERIFY AGAINST CURRENT SPEC SHEET"
D38999/24ZD18PN,connector,"CONNECTOR, RECEPTACLE, JAM NUT, D38999 SERIES III, SHELL 15, 18 PIN SIZE 20, BLACK ZINC NICKEL",,,,,,,,M39029/58-363,18,,"INSERT 15-18, N KEY. Contacts supplied separately. SAMPLE DATA - VERIFY AGAINST CURRENT SPEC SHEET"
D38999/24ZD19SN,connector,"CONNECTOR, RECEPTACLE, JAM NUT, D38999 SERIES III, SHELL 15, 19 SKT SIZE 20, BLACK ZINC NICKEL",,,,,,,,M39029/56-351,19,,"INSERT 15-19, N KEY. Contacts supplied separately. SAMPLE DATA - VERIFY AGAINST CURRENT SPEC SHEET"
D38999/24ZD19PN,connector,"CONNECTOR, RECEPTACLE, JAM NUT, D38999 SERIES III, SHELL 15, 19 PIN SIZE 20, BLACK ZINC NICKEL",,,,,,,,M39029/58-363,19,,"INSERT 15-19, N KEY. Contacts supplied separately. SAMPLE DATA - VERIFY AGAINST CURRENT SPEC SHEET"
D38999/24ZD35SN,connector,"CONNECTOR, RECEPTACLE, JAM NUT, D38999 SERIES III, SHELL 15, 37 SKT SIZE 22D, BLACK ZINC NICKEL",,,,,,,,M39029/56-348,37,,"INSERT 15-35, N KEY. Contacts supplied separately. SAMPLE DATA - VERIFY AGAINST CURRENT SPEC SHEET"
D38999/24ZD35PN,connector,"CONNECTOR, RECEPTACLE, JAM NUT, D38999 SERIES III, SHELL 15, 37 PIN SIZE 22D, BLACK ZINC NICKEL",,,,,,,,M39029/58-360,37,,"INSERT 15-35, N KEY. Contacts supplied separately. SAMPLE DATA - VERIFY AGAINST CURRENT SPEC SHEET"
D38999/24ZE08SN,connector,"CONNECTOR, RECEPTACLE, JAM NUT, D38999 SERIES III, SHELL 17, 8 SKT SIZE 16, BLACK ZINC NICKEL",,,,,,,,M39029/56-352,8,,"INSERT 17-08, N KEY. Contacts supplied separately. SAMPLE DATA - VERIFY AGAINST CURRENT SPEC SHEET"
D38999/24ZE08PN,connector,"CONNECTOR, RECEPTACLE, JAM NUT, D38999 SERIES III, SHELL 17, 8 PIN SIZE 16, BLACK ZINC NICKEL",,,,,,,,M39029/58-364,8,,"INSERT 17-08, N KEY. Contacts supplied separately. SAMPLE DATA - VERIFY AGAINST CURRENT SPEC SHEET"
D38999/24ZE26SN,connector,"CONNECTOR, RECEPTACLE, JAM NUT, D38999 SERIES III, SHELL 17, 26 SKT SIZE 20, BLACK ZINC NICKEL",,,,,,,,M39029/56-351,26,,"INSERT 17-26, N KEY. Contacts supplied separately. SAMPLE DATA - VERIFY AGAINST CURRENT SPEC SHEET"
D38999/24ZE26PN,connector,"CONNECTOR, RECEPTACLE, JAM NUT, D38999 SERIES III, SHELL 17, 26 PIN SIZE 20, BLACK ZINC NICKEL",,,,,,,,M39029/58-363,26,,"INSERT 17-26, N KEY. Contacts supplied separately. SAMPLE DATA - VERIFY AGAINST CURRENT SPEC SHEET"
D38999/24ZE35SN,connector,"CONNECTOR, RECEPTACLE, JAM NUT, D38999 SERIES III, SHELL 17, 55 SKT SIZE 22D, BLACK ZINC NICKEL",,,,,,,,M39029/56-348,55,,"INSERT 17-35, N KEY. Contacts supplied separately. SAMPLE DATA - VERIFY AGAINST CURRENT SPEC SHEET"
D38999/24ZE35PN,connector,"CONNECTOR, RECEPTACLE, JAM NUT, D38999 SERIES III, SHELL 17, 55 PIN SIZE 22D, BLACK ZINC NICKEL",,,,,,,,M39029/58-360,55,,"INSERT 17-35, N KEY. Contacts supplied separately. SAMPLE DATA - VERIFY AGAINST CURRENT SPEC SHEET"
D38999/24ZF11SN,connector,"CONNECTOR, RECEPTACLE, JAM NUT, D38999 SERIES III, SHELL 19, 11 SKT SIZE 16, BLACK ZINC NICKEL",,,,,,,,M39029/56-352,11,,"INSERT 19-11, N KEY. Contacts supplied separately. SAMPLE DATA - VERIFY AGAINST CURRENT SPEC SHEET"
D38999/24ZF11PN,connector,"CONNECTOR, RECEPTACLE, JAM NUT, D38999 SERIES III, SHELL 19, 11 PIN SIZE 16, BLACK ZINC NICKEL",,,,,,,,M39029/58-364,11,,"INSERT 19-11, N KEY. Contacts supplied separately. SAMPLE DATA - VERIFY AGAINST CURRENT SPEC SHEET"
D38999/24ZF32SN,connector,"CONNECTOR, RECEPTACLE, JAM NUT, D38999 SERIES III, SHELL 19, 32 SKT SIZE 20, BLACK ZINC NICKEL",,,,,,,,M39029/56-351,32,,"INSERT 19-32, N KEY. Contacts supplied separately. SAMPLE DATA - VERIFY AGAINST CURRENT SPEC SHEET"
D38999/24ZF32PN,connector,"CONNECTOR, RECEPTACLE, JAM NUT, D38999 SERIES III, SHELL 19, 32 PIN SIZE 20, BLACK ZINC NICKEL",,,,,,,,M39029/58-363,32,,"INSERT 19-32, N KEY. Contacts supplied separately. SAMPLE DATA - VERIFY AGAINST CURRENT SPEC SHEET"
D38999/24ZF35SN,connector,"CONNECTOR, RECEPTACLE, JAM NUT, D38999 SERIES III, SHELL 19, 66 SKT SIZE 22D, BLACK ZINC NICKEL",,,,,,,,M39029/56-348,66,,"INSERT 19-35, N KEY. Contacts supplied separately. SAMPLE DATA - VERIFY AGAINST CURRENT SPEC SHEET"
D38999/24ZF35PN,connector,"CONNECTOR, RECEPTACLE, JAM NUT, D38999 SERIES III, SHELL 19, 66 PIN SIZE 22D, BLACK ZINC NICKEL",,,,,,,,M39029/58-360,66,,"INSERT 19-35, N KEY. Contacts supplied separately. SAMPLE DATA - VERIFY AGAINST CURRENT SPEC SHEET"
D38999/24ZG16SN,connector,"CONNECTOR, RECEPTACLE, JAM NUT, D38999 SERIES III, SHELL 21, 16 SKT SIZE 16, BLACK ZINC NICKEL",,,,,,,,M39029/56-352,16,,"INSERT 21-16, N KEY. Contacts supplied separately. SAMPLE DATA - VERIFY AGAINST CURRENT SPEC SHEET"
D38999/24ZG16PN,connector,"CONNECTOR, RECEPTACLE, JAM NUT, D38999 SERIES III, SHELL 21, 16 PIN SIZE 16, BLACK ZINC NICKEL",,,,,,,,M39029/58-364,16,,"INSERT 21-16, N KEY. Contacts supplied separately. SAMPLE DATA - VERIFY AGAINST CURRENT SPEC SHEET"
D38999/24ZG35SN,connector,"CONNECTOR, RECEPTACLE, JAM NUT, D38999 SERIES III, SHELL 21, 79 SKT SIZE 22D, BLACK ZINC NICKEL",,,,,,,,M39029/56-348,79,,"INSERT 21-35, N KEY. Contacts supplied separately. SAMPLE DATA - VERIFY AGAINST CURRENT SPEC SHEET"
D38999/24ZG35PN,connector,"CONNECTOR, RECEPTACLE, JAM NUT, D38999 SERIES III, SHELL 21, 79 PIN SIZE 22D, BLACK ZINC NICKEL",,,,,,,,M39029/58-360,79,,"INSERT 21-35, N KEY. Contacts supplied separately. SAMPLE DATA - VERIFY AGAINST CURRENT SPEC SHEET"
D38999/24ZG41SN,connector,"CONNECTOR, RECEPTACLE, JAM NUT, D38999 SERIES III, SHELL 21, 41 SKT SIZE 20, BLACK ZINC NICKEL",,,,,,,,M39029/56-351,41,,"INSERT 21-41, N KEY. Contacts supplied separately. SAMPLE DATA - VERIFY AGAINST CURRENT SPEC SHEET"
D38999/24ZG41PN,connector,"CONNECTOR, RECEPTACLE, JAM NUT, D38999 SERIES III, SHELL 21, 41 PIN SIZE 20, BLACK ZINC NICKEL",,,,,,,,M39029/58-363,41,,"INSERT 21-41, N KEY. Contacts supplied separately. SAMPLE DATA - VERIFY AGAINST CURRENT SPEC SHEET"
D38999/24ZH21SN,connector,"CONNECTOR, RECEPTACLE, JAM NUT, D38999 SERIES III, SHELL 23, 21 SKT SIZE 16, BLACK ZINC NICKEL",,,,,,,,M39029/56-352,21,,"INSERT 23-21, N KEY. Contacts supplied separately. SAMPLE DATA - VERIFY AGAINST CURRENT SPEC SHEET"
D38999/24ZH21PN,connector,"CONNECTOR, RECEPTACLE, JAM NUT, D38999 SERIES III, SHELL 23, 21 PIN SIZE 16, BLACK ZINC NICKEL",,,,,,,,M39029/58-364,21,,"INSERT 23-21, N KEY. Contacts supplied separately. SAMPLE DATA - VERIFY AGAINST CURRENT SPEC SHEET"
D38999/24ZH35SN,connector,"CONNECTOR, RECEPTACLE, JAM NUT, D38999 SERIES III, SHELL 23, 100 SKT SIZE 22D, BLACK ZINC NICKEL",,,,,,,,M39029/56-348,100,,"INSERT 23-35, N KEY. Contacts supplied separately. SAMPLE DATA - VERIFY AGAINST CURRENT SPEC SHEET"
D38999/24ZH35PN,connector,"CONNECTOR, RECEPTACLE, JAM NUT, D38999 SERIES III, SHELL 23, 100 PIN SIZE 22D, BLACK ZINC NICKEL",,,,,,,,M39029/58-360,100,,"INSERT 23-35, N KEY. Contacts supplied separately. SAMPLE DATA - VERIFY AGAINST CURRENT SPEC SHEET"
D38999/24ZH53SN,connector,"CONNECTOR, RECEPTACLE, JAM NUT, D38999 SERIES III, SHELL 23, 53 SKT SIZE 20, BLACK ZINC NICKEL",,,,,,,,M39029/56-351,53,,"INSERT 23-53, N KEY. Contacts supplied separately. SAMPLE DATA - VERIFY AGAINST CURRENT SPEC SHEET"
D38999/24ZH53PN,connector,"CONNECTOR, RECEPTACLE, JAM NUT, D38999 SERIES III, SHELL 23, 53 PIN SIZE 20, BLACK ZINC NICKEL",,,,,,,,M39029/58-363,53,,"INSERT 23-53, N KEY. Contacts supplied separately. SAMPLE DATA - VERIFY AGAINST CURRENT SPEC SHEET"
D38999/24ZJ29SN,connector,"CONNECTOR, RECEPTACLE, JAM NUT, D38999 SERIES III, SHELL 25, 29 SKT SIZE 16, BLACK ZINC NICKEL",,,,,,,,M39029/56-352,29,,"INSERT 25-29, N KEY. Contacts supplied separately. SAMPLE DATA - VERIFY AGAINST CURRENT SPEC SHEET"
D38999/24ZJ29PN,connector,"CONNECTOR, RECEPTACLE, JAM NUT, D38999 SERIES III, SHELL 25, 29 PIN SIZE 16, BLACK ZINC NICKEL",,,,,,,,M39029/58-364,29,,"INSERT 25-29, N KEY. Contacts supplied separately. SAMPLE DATA - VERIFY AGAINST CURRENT SPEC SHEET"
D38999/24ZJ35SN,connector,"CONNECTOR, RECEPTACLE, JAM NUT, D38999 SERIES III, SHELL 25, 128 SKT SIZE 22D, BLACK ZINC NICKEL",,,,,,,,M39029/56-348,128,,"INSERT 25-35, N KEY. Contacts supplied separately. SAMPLE DATA - VERIFY AGAINST CURRENT SPEC SHEET"
D38999/24ZJ35PN,connector,"CONNECTOR, RECEPTACLE, JAM NUT, D38999 SERIES III, SHELL 25, 128 PIN SIZE 22D, BLACK ZINC NICKEL",,,,,,,,M39029/58-360,128,,"INSERT 25-35, N KEY. Contacts supplied separately. SAMPLE DATA - VERIFY AGAINST CURRENT SPEC SHEET"
D38999/24ZJ61SN,connector,"CONNECTOR, RECEPTACLE, JAM NUT, D38999 SERIES III, SHELL 25, 61 SKT SIZE 20, BLACK ZINC NICKEL",,,,,,,,M39029/56-351,61,,"INSERT 25-61, N KEY. Contacts supplied separately. SAMPLE DATA - VERIFY AGAINST CURRENT SPEC SHEET"
D38999/24ZJ61PN,connector,"CONNECTOR, RECEPTACLE, JAM NUT, D38999 SERIES III, SHELL 25, 61 PIN SIZE 20, BLACK ZINC NICKEL",,,,,,,,M39029/58-363,61,,"INSERT 25-61, N KEY. Contacts supplied separately. SAMPLE DATA - VERIFY AGAINST CURRENT SPEC SHEET"
